  [1m[35mSQL (0.2ms)[0m  [1m[35mSET search_path TO public /*application='Wastays'*/[0m
  [1m[35m (233.3ms)[0m  [1m[35mCREATE DATABASE "wastays_development" ENCODING = 'unicode' /*application='Wastays'*/[0m
  [1m[35mSQL (0.1ms)[0m  [1m[35mSET search_path TO public /*application='Wastays'*/[0m
  [1m[35m (94.4ms)[0m  [1m[35mCREATE DATABASE "wastays_test" ENCODING = 'unicode' /*application='Wastays'*/[0m
Started GET "/" for 127.0.0.1 at 2026-03-25 11:42:40 +0800
  [1m[35m (42.5ms)[0m  [1m[35mCREATE TABLE "schema_migrations" ("version" character varying NOT NULL PRIMARY KEY) /*application='Wastays'*/[0m
  [1m[35m (7.5ms)[0m  [1m[35mCREATE TABLE "ar_internal_metadata" ("key" character varying NOT NULL PRIMARY KEY, "value" character varying, "created_at" timestamp(6) NOT NULL, "updated_at" timestamp(6) NOT NULL) /*application='Wastays'*/[0m
  [1m[36mActiveRecord::SchemaMigration Load (1.3ms)[0m  [1m[34mSELECT "schema_migrations"."version" FROM "schema_migrations" ORDER BY "schema_migrations"."version" ASC /*application='Wastays'*/[0m
Processing by StaticPagesController#home as HTML
  Rendering layout layouts/application.html.erb
  Rendering static_pages/home.html.erb within layouts/application
  Rendered static_pages/home.html.erb within layouts/application (Duration: 0.2ms | GC: 0.0ms)
  Rendered layout layouts/application.html.erb (Duration: 9.3ms | GC: 0.4ms)
Completed 200 OK in 877ms (Views: 15.7ms | ActiveRecord: 0.0ms (0 queries, 0 cached) | GC: 64.8ms)


Started GET "/" for 127.0.0.1 at 2026-03-25 11:42:52 +0800
Processing by StaticPagesController#home as HTML
  Rendering layout layouts/application.html.erb
  Rendering static_pages/home.html.erb within layouts/application
  Rendered static_pages/home.html.erb within layouts/application (Duration: 0.3ms | GC: 0.0ms)
  Rendered layout layouts/application.html.erb (Duration: 19.6ms | GC: 0.0ms)
Completed 200 OK in 59ms (Views: 21.7ms | ActiveRecord: 0.0ms (0 queries, 0 cached) | GC: 0.3ms)


Started GET "/" for 127.0.0.1 at 2026-03-25 11:43:11 +0800
Processing by StaticPagesController#home as HTML
  Rendering layout layouts/application.html.erb
  Rendering static_pages/home.html.erb within layouts/application
  Rendered static_pages/home.html.erb within layouts/application (Duration: 0.3ms | GC: 0.0ms)
  Rendered layout layouts/application.html.erb (Duration: 2.6ms | GC: 0.0ms)
Completed 200 OK in 51ms (Views: 3.3ms | ActiveRecord: 0.0ms (0 queries, 0 cached) | GC: 0.0ms)


Started GET "/" for 127.0.0.1 at 2026-03-25 11:43:46 +0800
Processing by StaticPagesController#home as HTML
  Rendering layout layouts/application.html.erb
  Rendering static_pages/home.html.erb within layouts/application
  Rendered static_pages/home.html.erb within layouts/application (Duration: 0.3ms | GC: 0.0ms)
  Rendered layout layouts/application.html.erb (Duration: 13.0ms | GC: 0.0ms)
Completed 200 OK in 56ms (Views: 15.0ms | ActiveRecord: 0.0ms (0 queries, 0 cached) | GC: 0.0ms)


  [1m[35m (0.7ms)[0m  [1m[34mSELECT pg_try_advisory_lock(4457737419948999585) /*application='Wastays'*/[0m
  [1m[36mActiveRecord::SchemaMigration Load (1.4ms)[0m  [1m[34mSELECT "schema_migrations"."version" FROM "schema_migrations" ORDER BY "schema_migrations"."version" ASC /*application='Wastays'*/[0m
  [1m[36mActiveRecord::InternalMetadata Load (3.5ms)[0m  [1m[34mSELECT * FROM "ar_internal_metadata" WHERE "ar_internal_metadata"."key" = 'environment' ORDER BY "ar_internal_metadata"."key" ASC LIMIT 1 /*application='Wastays'*/[0m
  [1m[36mActiveRecord::InternalMetadata Create (4.1ms)[0m  [1m[32mINSERT INTO "ar_internal_metadata" ("key", "value", "created_at", "updated_at") VALUES ('environment', 'development', '2026-03-25 03:43:53.270279', '2026-03-25 03:43:53.270281') RETURNING "key" /*application='Wastays'*/[0m
Migrating to CreateAccounts (20260325034351)
  [1m[36mTRANSACTION (0.1ms)[0m  [1m[35mBEGIN /*application='Wastays'*/[0m
  [1m[35m (20.1ms)[0m  [1m[35mCREATE TABLE "accounts" ("id" bigserial primary key, "name" character varying, "slug" character varying, "status" character varying, "created_at" timestamp(6) NOT NULL, "updated_at" timestamp(6) NOT NULL) /*application='Wastays'*/[0m
  [1m[35m (1.8ms)[0m  [1m[35mCREATE INDEX "index_accounts_on_slug" ON "accounts" ("slug") /*application='Wastays'*/[0m
  [1m[36mActiveRecord::SchemaMigration Create (0.5ms)[0m  [1m[32mINSERT INTO "schema_migrations" ("version") VALUES ('20260325034351') RETURNING "version" /*application='Wastays'*/[0m
  [1m[36mTRANSACTION (0.4ms)[0m  [1m[35mCOMMIT /*application='Wastays'*/[0m
  [1m[35m (0.7ms)[0m  [1m[34mSELECT pg_advisory_unlock(4457737419948999585) /*application='Wastays'*/[0m
  [1m[36mActiveRecord::SchemaMigration Load (0.1ms)[0m  [1m[34mSELECT "schema_migrations"."version" FROM "schema_migrations" ORDER BY "schema_migrations"."version" ASC /*application='Wastays'*/[0m
Started GET "/" for 127.0.0.1 at 2026-03-25 11:44:28 +0800
  [1m[36mActiveRecord::SchemaMigration Load (1.0ms)[0m  [1m[34mSELECT "schema_migrations"."version" FROM "schema_migrations" ORDER BY "schema_migrations"."version" ASC /*application='Wastays'*/[0m
Processing by StaticPagesController#home as HTML
  Rendering layout layouts/application.html.erb
  Rendering static_pages/home.html.erb within layouts/application
  Rendered static_pages/home.html.erb within layouts/application (Duration: 0.3ms | GC: 0.0ms)
  Rendered layout layouts/application.html.erb (Duration: 11.0ms | GC: 0.0ms)
Completed 200 OK in 140ms (Views: 13.5ms | ActiveRecord: 0.0ms (0 queries, 0 cached) | GC: 15.7ms)


  [1m[35m (11.4ms)[0m  [1m[34mSELECT pg_try_advisory_lock(4457737419948999585) /*application='Wastays'*/[0m
  [1m[36mActiveRecord::SchemaMigration Load (0.7ms)[0m  [1m[34mSELECT "schema_migrations"."version" FROM "schema_migrations" ORDER BY "schema_migrations"."version" ASC /*application='Wastays'*/[0m
  [1m[36mActiveRecord::InternalMetadata Load (1.4ms)[0m  [1m[34mSELECT * FROM "ar_internal_metadata" WHERE "ar_internal_metadata"."key" = 'environment' ORDER BY "ar_internal_metadata"."key" ASC LIMIT 1 /*application='Wastays'*/[0m
Migrating to CreateUsers (20260325034511)
  [1m[36mTRANSACTION (0.1ms)[0m  [1m[35mBEGIN /*application='Wastays'*/[0m
  [1m[35m (12.8ms)[0m  [1m[35mCREATE TABLE "users" ("id" bigserial primary key, "name" character varying, "email" character varying, "password_digest" character varying, "account_id" bigint NOT NULL, "role" character varying, "created_at" timestamp(6) NOT NULL, "updated_at" timestamp(6) NOT NULL, CONSTRAINT "fk_rails_61ac11da2b"
FOREIGN KEY ("account_id")
  REFERENCES "accounts" ("id")
) /*application='Wastays'*/[0m
  [1m[35m (1.7ms)[0m  [1m[35mCREATE INDEX "index_users_on_account_id" ON "users" ("account_id") /*application='Wastays'*/[0m
  [1m[35m (1.4ms)[0m  [1m[35mCREATE INDEX "index_users_on_email" ON "users" ("email") /*application='Wastays'*/[0m
  [1m[36mActiveRecord::SchemaMigration Create (1.2ms)[0m  [1m[32mINSERT INTO "schema_migrations" ("version") VALUES ('20260325034511') RETURNING "version" /*application='Wastays'*/[0m
  [1m[36mTRANSACTION (1.9ms)[0m  [1m[35mCOMMIT /*application='Wastays'*/[0m
  [1m[35m (0.5ms)[0m  [1m[34mSELECT pg_advisory_unlock(4457737419948999585) /*application='Wastays'*/[0m
  [1m[36mActiveRecord::SchemaMigration Load (0.1ms)[0m  [1m[34mSELECT "schema_migrations"."version" FROM "schema_migrations" ORDER BY "schema_migrations"."version" ASC /*application='Wastays'*/[0m
Started GET "/" for 127.0.0.1 at 2026-03-25 11:47:36 +0800
  [1m[36mActiveRecord::SchemaMigration Load (48.8ms)[0m  [1m[34mSELECT "schema_migrations"."version" FROM "schema_migrations" ORDER BY "schema_migrations"."version" ASC /*application='Wastays'*/[0m
Processing by StaticPagesController#home as HTML
  Rendering layout layouts/application.html.erb
  Rendering static_pages/home.html.erb within layouts/application
  Rendered static_pages/home.html.erb within layouts/application (Duration: 0.3ms | GC: 0.0ms)
  Rendered layout layouts/application.html.erb (Duration: 9.0ms | GC: 0.0ms)
Completed 200 OK in 48ms (Views: 10.9ms | ActiveRecord: 0.0ms (0 queries, 0 cached) | GC: 0.0ms)


Started GET "/login" for 127.0.0.1 at 2026-03-25 11:47:38 +0800
Processing by Public::SessionsController#new as HTML
Completed 406 Not Acceptable in 47ms (ActiveRecord: 0.0ms (0 queries, 0 cached) | GC: 0.0ms)


  
ActionController::MissingExactTemplate (Public::SessionsController#new is missing a template for request formats: text/html):
  
actionpack (8.0.5) lib/action_controller/metal/implicit_render.rb:49:in 'ActionController::ImplicitRender#default_render'
actionpack (8.0.5) lib/action_controller/metal/basic_implicit_render.rb:9:in 'ActionController::BasicImplicitRender#send_action'
actionpack (8.0.5) lib/abstract_controller/base.rb:215:in 'AbstractController::Base#process_action'
actionpack (8.0.5) lib/action_controller/metal/rendering.rb:193:in 'ActionController::Rendering#process_action'
actionpack (8.0.5) lib/abstract_controller/callbacks.rb:261:in 'block in AbstractController::Callbacks#process_action'
activesupport (8.0.5) lib/active_support/callbacks.rb:120:in 'block in ActiveSupport::Callbacks#run_callbacks'
turbo-rails (2.0.23) lib/turbo-rails.rb:24:in 'Turbo.with_request_id'
turbo-rails (2.0.23) app/controllers/concerns/turbo/request_id_tracking.rb:10:in 'Turbo::RequestIdTracking#turbo_tracking_request_id'
activesupport (8.0.5) lib/active_support/callbacks.rb:129:in 'block in ActiveSupport::Callbacks#run_callbacks'
actiontext (8.0.5) lib/action_text/rendering.rb:25:in 'ActionText::Rendering::ClassMethods#with_renderer'
actiontext (8.0.5) lib/action_text/engine.rb:71:in 'block (4 levels) in <class:Engine>'
activesupport (8.0.5) lib/active_support/callbacks.rb:129:in 'BasicObject#instance_exec'
activesupport (8.0.5) lib/active_support/callbacks.rb:129:in 'block in ActiveSupport::Callbacks#run_callbacks'
activesupport (8.0.5) lib/active_support/callbacks.rb:140:in 'ActiveSupport::Callbacks#run_callbacks'
actionpack (8.0.5) lib/abstract_controller/callbacks.rb:260:in 'AbstractController::Callbacks#process_action'
actionpack (8.0.5) lib/action_controller/metal/rescue.rb:27:in 'ActionController::Rescue#process_action'
actionpack (8.0.5) lib/action_controller/metal/instrumentation.rb:76:in 'block in ActionController::Instrumentation#process_action'
activesupport (8.0.5) lib/active_support/notifications.rb:210:in 'block in ActiveSupport::Notifications.instrument'
activesupport (8.0.5) lib/active_support/notifications/instrumenter.rb:58:in 'ActiveSupport::Notifications::Instrumenter#instrument'
activesupport (8.0.5) lib/active_support/notifications.rb:210:in 'ActiveSupport::Notifications.instrument'
actionpack (8.0.5) lib/action_controller/metal/instrumentation.rb:75:in 'ActionController::Instrumentation#process_action'
actionpack (8.0.5) lib/action_controller/metal/params_wrapper.rb:259:in 'ActionController::ParamsWrapper#process_action'
activerecord (8.0.5) lib/active_record/railties/controller_runtime.rb:39:in 'ActiveRecord::Railties::ControllerRuntime#process_action'
actionpack (8.0.5) lib/abstract_controller/base.rb:152:in 'AbstractController::Base#process'
actionview (8.0.5) lib/action_view/rendering.rb:40:in 'ActionView::Rendering#process'
actionpack (8.0.5) lib/action_controller/metal.rb:252:in 'ActionController::Metal#dispatch'
actionpack (8.0.5) lib/action_controller/metal.rb:335:in 'ActionController::Metal.dispatch'
actionpack (8.0.5) lib/action_dispatch/routing/route_set.rb:67:in 'ActionDispatch::Routing::RouteSet::Dispatcher#dispatch'
actionpack (8.0.5) lib/action_dispatch/routing/route_set.rb:50:in 'ActionDispatch::Routing::RouteSet::Dispatcher#serve'
actionpack (8.0.5) lib/action_dispatch/journey/router.rb:53:in 'block in ActionDispatch::Journey::Router#serve'
actionpack (8.0.5) lib/action_dispatch/journey/router.rb:133:in 'block in ActionDispatch::Journey::Router#find_routes'
actionpack (8.0.5) lib/action_dispatch/journey/router.rb:126:in 'Array#each'
actionpack (8.0.5) lib/action_dispatch/journey/router.rb:126:in 'ActionDispatch::Journey::Router#find_routes'
actionpack (8.0.5) lib/action_dispatch/journey/router.rb:34:in 'ActionDispatch::Journey::Router#serve'
actionpack (8.0.5) lib/action_dispatch/routing/route_set.rb:908:in 'ActionDispatch::Routing::RouteSet#call'
railties (8.0.5) lib/rails/engine/lazy_route_set.rb:60:in 'Rails::Engine::LazyRouteSet#call'
rack (3.2.5) lib/rack/tempfile_reaper.rb:20:in 'Rack::TempfileReaper#call'
rack (3.2.5) lib/rack/etag.rb:29:in 'Rack::ETag#call'
rack (3.2.5) lib/rack/conditional_get.rb:31:in 'Rack::ConditionalGet#call'
rack (3.2.5) lib/rack/head.rb:15:in 'Rack::Head#call'
actionpack (8.0.5) lib/action_dispatch/http/permissions_policy.rb:38:in 'ActionDispatch::PermissionsPolicy::Middleware#call'
actionpack (8.0.5) lib/action_dispatch/http/content_security_policy.rb:38:in 'ActionDispatch::ContentSecurityPolicy::Middleware#call'
rack-session (2.1.1) lib/rack/session/abstract/id.rb:274:in 'Rack::Session::Abstract::Persisted#context'
rack-session (2.1.1) lib/rack/session/abstract/id.rb:268:in 'Rack::Session::Abstract::Persisted#call'
actionpack (8.0.5) lib/action_dispatch/middleware/cookies.rb:706:in 'ActionDispatch::Cookies#call'
activerecord (8.0.5) lib/active_record/migration.rb:670:in 'ActiveRecord::Migration::CheckPending#call'
actionpack (8.0.5) lib/action_dispatch/middleware/callbacks.rb:31:in 'block in ActionDispatch::Callbacks#call'
activesupport (8.0.5) lib/active_support/callbacks.rb:100:in 'ActiveSupport::Callbacks#run_callbacks'
actionpack (8.0.5) lib/action_dispatch/middleware/callbacks.rb:30:in 'ActionDispatch::Callbacks#call'
actionpack (8.0.5) lib/action_dispatch/middleware/executor.rb:16:in 'ActionDispatch::Executor#call'
actionpack (8.0.5) lib/action_dispatch/middleware/actionable_exceptions.rb:18:in 'ActionDispatch::ActionableExceptions#call'
actionpack (8.0.5) lib/action_dispatch/middleware/debug_exceptions.rb:31:in 'ActionDispatch::DebugExceptions#call'
web-console (4.3.0) lib/web_console/middleware.rb:132:in 'WebConsole::Middleware#call_app'
web-console (4.3.0) lib/web_console/middleware.rb:28:in 'block in WebConsole::Middleware#call'
web-console (4.3.0) lib/web_console/middleware.rb:17:in 'Kernel#catch'
web-console (4.3.0) lib/web_console/middleware.rb:17:in 'WebConsole::Middleware#call'
actionpack (8.0.5) lib/action_dispatch/middleware/show_exceptions.rb:32:in 'ActionDispatch::ShowExceptions#call'
railties (8.0.5) lib/rails/rack/logger.rb:41:in 'Rails::Rack::Logger#call_app'
railties (8.0.5) lib/rails/rack/logger.rb:29:in 'Rails::Rack::Logger#call'
actionpack (8.0.5) lib/action_dispatch/middleware/remote_ip.rb:96:in 'ActionDispatch::RemoteIp#call'
actionpack (8.0.5) lib/action_dispatch/middleware/request_id.rb:34:in 'ActionDispatch::RequestId#call'
rack (3.2.5) lib/rack/method_override.rb:28:in 'Rack::MethodOverride#call'
rack (3.2.5) lib/rack/runtime.rb:24:in 'Rack::Runtime#call'
actionpack (8.0.5) lib/action_dispatch/middleware/server_timing.rb:61:in 'block in ActionDispatch::ServerTiming#call'
actionpack (8.0.5) lib/action_dispatch/middleware/server_timing.rb:26:in 'ActionDispatch::ServerTiming::Subscriber#collect_events'
actionpack (8.0.5) lib/action_dispatch/middleware/server_timing.rb:60:in 'ActionDispatch::ServerTiming#call'
actionpack (8.0.5) lib/action_dispatch/middleware/executor.rb:16:in 'ActionDispatch::Executor#call'
propshaft (1.3.1) lib/propshaft/server.rb:37:in 'Propshaft::Server#call'
actionpack (8.0.5) lib/action_dispatch/middleware/static.rb:27:in 'ActionDispatch::Static#call'
rack (3.2.5) lib/rack/sendfile.rb:131:in 'Rack::Sendfile#call'
actionpack (8.0.5) lib/action_dispatch/middleware/host_authorization.rb:143:in 'ActionDispatch::HostAuthorization#call'
railties (8.0.5) lib/rails/engine.rb:535:in 'Rails::Engine#call'
puma (7.2.0) lib/puma/configuration.rb:296:in 'Puma::Configuration::ConfigMiddleware#call'
puma (7.2.0) lib/puma/request.rb:103:in 'block in Puma::Request#handle_request'
puma (7.2.0) lib/puma/thread_pool.rb:355:in 'Puma::ThreadPool#with_force_shutdown'
puma (7.2.0) lib/puma/request.rb:102:in 'Puma::Request#handle_request'
puma (7.2.0) lib/puma/server.rb:503:in 'Puma::Server#process_client'
puma (7.2.0) lib/puma/server.rb:262:in 'block in Puma::Server#run'
puma (7.2.0) lib/puma/thread_pool.rb:182:in 'block in Puma::ThreadPool#spawn_thread'
Started GET "/login" for 127.0.0.1 at 2026-03-25 11:48:32 +0800
Processing by Public::SessionsController#new as HTML
  Rendering layout layouts/application.html.erb
  Rendering public/sessions/new.html.erb within layouts/application
  Rendered public/sessions/new.html.erb within layouts/application (Duration: 12.3ms | GC: 0.0ms)
  Rendered layout layouts/application.html.erb (Duration: 24.6ms | GC: 0.0ms)
Completed 200 OK in 68ms (Views: 26.4ms | ActiveRecord: 0.0ms (0 queries, 0 cached) | GC: 0.0ms)


  [1m[35m (32.4ms)[0m  [1m[34mSELECT pg_try_advisory_lock(4457737419948999585) /*application='Wastays'*/[0m
  [1m[36mActiveRecord::SchemaMigration Load (52.9ms)[0m  [1m[34mSELECT "schema_migrations"."version" FROM "schema_migrations" ORDER BY "schema_migrations"."version" ASC /*application='Wastays'*/[0m
  [1m[36mActiveRecord::InternalMetadata Load (8.8ms)[0m  [1m[34mSELECT * FROM "ar_internal_metadata" WHERE "ar_internal_metadata"."key" = 'environment' ORDER BY "ar_internal_metadata"."key" ASC LIMIT 1 /*application='Wastays'*/[0m
  [1m[35m (0.2ms)[0m  [1m[34mSELECT pg_advisory_unlock(4457737419948999585) /*application='Wastays'*/[0m
  [1m[36mActiveRecord::SchemaMigration Load (0.2ms)[0m  [1m[34mSELECT "schema_migrations"."version" FROM "schema_migrations" ORDER BY "schema_migrations"."version" ASC /*application='Wastays'*/[0m
Started GET "/" for 127.0.0.1 at 2026-03-25 11:48:35 +0800
Processing by StaticPagesController#home as HTML
  Rendering layout layouts/application.html.erb
  Rendering static_pages/home.html.erb within layouts/application
  Rendered static_pages/home.html.erb within layouts/application (Duration: 1.0ms | GC: 0.0ms)
  Rendered layout layouts/application.html.erb (Duration: 7.1ms | GC: 0.0ms)
Completed 200 OK in 47ms (Views: 9.4ms | ActiveRecord: 0.0ms (0 queries, 0 cached) | GC: 0.0ms)


  [1m[35m (0.2ms)[0m  [1m[34mSELECT pg_try_advisory_lock(4457737419948999585) /*application='Wastays'*/[0m
  [1m[36mActiveRecord::SchemaMigration Load (1.1ms)[0m  [1m[34mSELECT "schema_migrations"."version" FROM "schema_migrations" ORDER BY "schema_migrations"."version" ASC /*application='Wastays'*/[0m
  [1m[36mActiveRecord::InternalMetadata Load (1.1ms)[0m  [1m[34mSELECT * FROM "ar_internal_metadata" WHERE "ar_internal_metadata"."key" = 'environment' ORDER BY "ar_internal_metadata"."key" ASC LIMIT 1 /*application='Wastays'*/[0m
Migrating to CreateHotels (20260325034901)
  [1m[36mTRANSACTION (0.1ms)[0m  [1m[35mBEGIN /*application='Wastays'*/[0m
  [1m[35m (16.6ms)[0m  [1m[35mCREATE TABLE "hotels" ("id" bigserial primary key, "name" character varying, "address" character varying, "city" character varying, "country" character varying, "star_rating" integer, "account_id" bigint NOT NULL, "status" character varying, "created_at" timestamp(6) NOT NULL, "updated_at" timestamp(6) NOT NULL, CONSTRAINT "fk_rails_0f1687d79a"
FOREIGN KEY ("account_id")
  REFERENCES "accounts" ("id")
) /*application='Wastays'*/[0m
  [1m[35m (2.3ms)[0m  [1m[35mCREATE INDEX "index_hotels_on_account_id" ON "hotels" ("account_id") /*application='Wastays'*/[0m
  [1m[36mActiveRecord::SchemaMigration Create (2.7ms)[0m  [1m[32mINSERT INTO "schema_migrations" ("version") VALUES ('20260325034901') RETURNING "version" /*application='Wastays'*/[0m
  [1m[36mTRANSACTION (0.6ms)[0m  [1m[35mCOMMIT /*application='Wastays'*/[0m
  [1m[35m (0.7ms)[0m  [1m[34mSELECT pg_advisory_unlock(4457737419948999585) /*application='Wastays'*/[0m
  [1m[36mActiveRecord::SchemaMigration Load (0.1ms)[0m  [1m[34mSELECT "schema_migrations"."version" FROM "schema_migrations" ORDER BY "schema_migrations"."version" ASC /*application='Wastays'*/[0m
  [1m[35m (0.2ms)[0m  [1m[34mSELECT pg_try_advisory_lock(4457737419948999585) /*application='Wastays'*/[0m
  [1m[36mActiveRecord::SchemaMigration Load (1.2ms)[0m  [1m[34mSELECT "schema_migrations"."version" FROM "schema_migrations" ORDER BY "schema_migrations"."version" ASC /*application='Wastays'*/[0m
  [1m[36mActiveRecord::InternalMetadata Load (1.0ms)[0m  [1m[34mSELECT * FROM "ar_internal_metadata" WHERE "ar_internal_metadata"."key" = 'environment' ORDER BY "ar_internal_metadata"."key" ASC LIMIT 1 /*application='Wastays'*/[0m
Migrating to CreateUserHotelAccesses (20260325034913)
  [1m[36mTRANSACTION (0.1ms)[0m  [1m[35mBEGIN /*application='Wastays'*/[0m
  [1m[35m (11.7ms)[0m  [1m[35mCREATE TABLE "user_hotel_accesses" ("id" bigserial primary key, "user_id" bigint NOT NULL, "hotel_id" bigint NOT NULL, "role" character varying, "created_at" timestamp(6) NOT NULL, "updated_at" timestamp(6) NOT NULL, CONSTRAINT "fk_rails_987ee4eb80"
FOREIGN KEY ("user_id")
  REFERENCES "users" ("id")
, CONSTRAINT "fk_rails_9d8cfa82e6"
FOREIGN KEY ("hotel_id")
  REFERENCES "hotels" ("id")
) /*application='Wastays'*/[0m
  [1m[35m (1.4ms)[0m  [1m[35mCREATE INDEX "index_user_hotel_accesses_on_user_id" ON "user_hotel_accesses" ("user_id") /*application='Wastays'*/[0m
  [1m[35m (1.0ms)[0m  [1m[35mCREATE INDEX "index_user_hotel_accesses_on_hotel_id" ON "user_hotel_accesses" ("hotel_id") /*application='Wastays'*/[0m
  [1m[36mActiveRecord::SchemaMigration Create (0.3ms)[0m  [1m[32mINSERT INTO "schema_migrations" ("version") VALUES ('20260325034913') RETURNING "version" /*application='Wastays'*/[0m
  [1m[36mTRANSACTION (0.3ms)[0m  [1m[35mCOMMIT /*application='Wastays'*/[0m
  [1m[35m (0.4ms)[0m  [1m[34mSELECT pg_advisory_unlock(4457737419948999585) /*application='Wastays'*/[0m
  [1m[36mActiveRecord::SchemaMigration Load (0.1ms)[0m  [1m[34mSELECT "schema_migrations"."version" FROM "schema_migrations" ORDER BY "schema_migrations"."version" ASC /*application='Wastays'*/[0m
Started GET "/login" for 127.0.0.1 at 2026-03-25 11:50:11 +0800
  [1m[36mActiveRecord::SchemaMigration Load (1.1ms)[0m  [1m[34mSELECT "schema_migrations"."version" FROM "schema_migrations" ORDER BY "schema_migrations"."version" ASC /*application='Wastays'*/[0m
Processing by Public::SessionsController#new as HTML
  Rendering layout layouts/application.html.erb
  Rendering public/sessions/new.html.erb within layouts/application
  Rendered public/sessions/new.html.erb within layouts/application (Duration: 2.5ms | GC: 0.0ms)
  Rendered layout layouts/application.html.erb (Duration: 4.7ms | GC: 0.0ms)
Completed 200 OK in 43ms (Views: 5.9ms | ActiveRecord: 0.0ms (0 queries, 0 cached) | GC: 0.0ms)


Started GET "/login" for 127.0.0.1 at 2026-03-25 11:56:05 +0800
Processing by Public::SessionsController#new as HTML
  Rendering layout layouts/application.html.erb
  Rendering public/sessions/new.html.erb within layouts/application
  Rendered public/sessions/new.html.erb within layouts/application (Duration: 9.6ms | GC: 0.0ms)
  Rendered layout layouts/application.html.erb (Duration: 11.7ms | GC: 0.0ms)
Completed 200 OK in 65ms (Views: 12.8ms | ActiveRecord: 0.0ms (0 queries, 0 cached) | GC: 0.0ms)


Started GET "/" for 127.0.0.1 at 2026-03-25 11:56:07 +0800
Processing by StaticPagesController#home as HTML
  Rendering layout layouts/application.html.erb
  Rendering static_pages/home.html.erb within layouts/application
  Rendered static_pages/home.html.erb within layouts/application (Duration: 1.3ms | GC: 0.0ms)
  Rendered layout layouts/application.html.erb (Duration: 2.3ms | GC: 0.0ms)
Completed 200 OK in 45ms (Views: 3.0ms | ActiveRecord: 0.0ms (0 queries, 0 cached) | GC: 0.0ms)


Started GET "/" for 127.0.0.1 at 2026-03-25 12:45:18 +0800
  [1m[36mActiveRecord::SchemaMigration Load (1.7ms)[0m  [1m[34mSELECT "schema_migrations"."version" FROM "schema_migrations" ORDER BY "schema_migrations"."version" ASC /*application='Wastays'*/[0m
  
ActiveRecord::PendingMigrationError (

Migrations are pending. To resolve this issue, run:

        bin/rails db:migrate

You have 5 pending migrations:

db/migrate/20260325044112_create_roles.rb
db/migrate/20260325044113_create_permissions.rb
db/migrate/20260325044114_create_role_permissions.rb
db/migrate/20260325044115_create_user_roles.rb
db/migrate/20260325044131_update_user_hotel_access_to_use_role.rb


):
  
activerecord (8.0.5) lib/active_record/migration.rb:742:in 'ActiveRecord::Migration.check_pending_migrations'
activerecord (8.0.5) lib/active_record/migration.rb:659:in 'block (2 levels) in ActiveRecord::Migration::CheckPending#call'
activesupport (8.0.5) lib/active_support/file_update_checker.rb:85:in 'ActiveSupport::FileUpdateChecker#execute'
activesupport (8.0.5) lib/active_support/file_update_checker.rb:95:in 'ActiveSupport::FileUpdateChecker#execute_if_updated'
activerecord (8.0.5) lib/active_record/migration.rb:666:in 'block in ActiveRecord::Migration::CheckPending#call'
activerecord (8.0.5) lib/active_record/migration.rb:656:in 'Thread::Mutex#synchronize'
activerecord (8.0.5) lib/active_record/migration.rb:656:in 'ActiveRecord::Migration::CheckPending#call'
actionpack (8.0.5) lib/action_dispatch/middleware/callbacks.rb:31:in 'block in ActionDispatch::Callbacks#call'
activesupport (8.0.5) lib/active_support/callbacks.rb:100:in 'ActiveSupport::Callbacks#run_callbacks'
actionpack (8.0.5) lib/action_dispatch/middleware/callbacks.rb:30:in 'ActionDispatch::Callbacks#call'
actionpack (8.0.5) lib/action_dispatch/middleware/executor.rb:16:in 'ActionDispatch::Executor#call'
actionpack (8.0.5) lib/action_dispatch/middleware/actionable_exceptions.rb:18:in 'ActionDispatch::ActionableExceptions#call'
actionpack (8.0.5) lib/action_dispatch/middleware/debug_exceptions.rb:31:in 'ActionDispatch::DebugExceptions#call'
web-console (4.3.0) lib/web_console/middleware.rb:132:in 'WebConsole::Middleware#call_app'
web-console (4.3.0) lib/web_console/middleware.rb:28:in 'block in WebConsole::Middleware#call'
web-console (4.3.0) lib/web_console/middleware.rb:17:in 'Kernel#catch'
web-console (4.3.0) lib/web_console/middleware.rb:17:in 'WebConsole::Middleware#call'
actionpack (8.0.5) lib/action_dispatch/middleware/show_exceptions.rb:32:in 'ActionDispatch::ShowExceptions#call'
railties (8.0.5) lib/rails/rack/logger.rb:41:in 'Rails::Rack::Logger#call_app'
railties (8.0.5) lib/rails/rack/logger.rb:29:in 'Rails::Rack::Logger#call'
actionpack (8.0.5) lib/action_dispatch/middleware/remote_ip.rb:96:in 'ActionDispatch::RemoteIp#call'
actionpack (8.0.5) lib/action_dispatch/middleware/request_id.rb:34:in 'ActionDispatch::RequestId#call'
rack (3.2.5) lib/rack/method_override.rb:28:in 'Rack::MethodOverride#call'
rack (3.2.5) lib/rack/runtime.rb:24:in 'Rack::Runtime#call'
actionpack (8.0.5) lib/action_dispatch/middleware/server_timing.rb:61:in 'block in ActionDispatch::ServerTiming#call'
actionpack (8.0.5) lib/action_dispatch/middleware/server_timing.rb:26:in 'ActionDispatch::ServerTiming::Subscriber#collect_events'
actionpack (8.0.5) lib/action_dispatch/middleware/server_timing.rb:60:in 'ActionDispatch::ServerTiming#call'
actionpack (8.0.5) lib/action_dispatch/middleware/executor.rb:16:in 'ActionDispatch::Executor#call'
propshaft (1.3.1) lib/propshaft/server.rb:37:in 'Propshaft::Server#call'
actionpack (8.0.5) lib/action_dispatch/middleware/static.rb:27:in 'ActionDispatch::Static#call'
rack (3.2.5) lib/rack/sendfile.rb:131:in 'Rack::Sendfile#call'
actionpack (8.0.5) lib/action_dispatch/middleware/host_authorization.rb:143:in 'ActionDispatch::HostAuthorization#call'
railties (8.0.5) lib/rails/engine.rb:535:in 'Rails::Engine#call'
puma (7.2.0) lib/puma/configuration.rb:296:in 'Puma::Configuration::ConfigMiddleware#call'
puma (7.2.0) lib/puma/request.rb:103:in 'block in Puma::Request#handle_request'
puma (7.2.0) lib/puma/thread_pool.rb:355:in 'Puma::ThreadPool#with_force_shutdown'
puma (7.2.0) lib/puma/request.rb:102:in 'Puma::Request#handle_request'
puma (7.2.0) lib/puma/server.rb:503:in 'Puma::Server#process_client'
puma (7.2.0) lib/puma/server.rb:262:in 'block in Puma::Server#run'
puma (7.2.0) lib/puma/thread_pool.rb:182:in 'block in Puma::ThreadPool#spawn_thread'
Started GET "/favicon.ico" for 127.0.0.1 at 2026-03-25 12:45:19 +0800
  [1m[36mActiveRecord::SchemaMigration Load (0.7ms)[0m  [1m[34mSELECT "schema_migrations"."version" FROM "schema_migrations" ORDER BY "schema_migrations"."version" ASC /*application='Wastays'*/[0m
  
ActiveRecord::PendingMigrationError (

Migrations are pending. To resolve this issue, run:

        bin/rails db:migrate

You have 5 pending migrations:

db/migrate/20260325044112_create_roles.rb
db/migrate/20260325044113_create_permissions.rb
db/migrate/20260325044114_create_role_permissions.rb
db/migrate/20260325044115_create_user_roles.rb
db/migrate/20260325044131_update_user_hotel_access_to_use_role.rb


):
  
activerecord (8.0.5) lib/active_record/migration.rb:742:in 'ActiveRecord::Migration.check_pending_migrations'
activerecord (8.0.5) lib/active_record/migration.rb:659:in 'block (2 levels) in ActiveRecord::Migration::CheckPending#call'
activesupport (8.0.5) lib/active_support/file_update_checker.rb:85:in 'ActiveSupport::FileUpdateChecker#execute'
activerecord (8.0.5) lib/active_record/migration.rb:664:in 'block in ActiveRecord::Migration::CheckPending#call'
activerecord (8.0.5) lib/active_record/migration.rb:656:in 'Thread::Mutex#synchronize'
activerecord (8.0.5) lib/active_record/migration.rb:656:in 'ActiveRecord::Migration::CheckPending#call'
actionpack (8.0.5) lib/action_dispatch/middleware/callbacks.rb:31:in 'block in ActionDispatch::Callbacks#call'
activesupport (8.0.5) lib/active_support/callbacks.rb:100:in 'ActiveSupport::Callbacks#run_callbacks'
actionpack (8.0.5) lib/action_dispatch/middleware/callbacks.rb:30:in 'ActionDispatch::Callbacks#call'
actionpack (8.0.5) lib/action_dispatch/middleware/executor.rb:16:in 'ActionDispatch::Executor#call'
actionpack (8.0.5) lib/action_dispatch/middleware/actionable_exceptions.rb:18:in 'ActionDispatch::ActionableExceptions#call'
actionpack (8.0.5) lib/action_dispatch/middleware/debug_exceptions.rb:31:in 'ActionDispatch::DebugExceptions#call'
web-console (4.3.0) lib/web_console/middleware.rb:132:in 'WebConsole::Middleware#call_app'
web-console (4.3.0) lib/web_console/middleware.rb:28:in 'block in WebConsole::Middleware#call'
web-console (4.3.0) lib/web_console/middleware.rb:17:in 'Kernel#catch'
web-console (4.3.0) lib/web_console/middleware.rb:17:in 'WebConsole::Middleware#call'
actionpack (8.0.5) lib/action_dispatch/middleware/show_exceptions.rb:32:in 'ActionDispatch::ShowExceptions#call'
railties (8.0.5) lib/rails/rack/logger.rb:41:in 'Rails::Rack::Logger#call_app'
railties (8.0.5) lib/rails/rack/logger.rb:29:in 'Rails::Rack::Logger#call'
actionpack (8.0.5) lib/action_dispatch/middleware/remote_ip.rb:96:in 'ActionDispatch::RemoteIp#call'
actionpack (8.0.5) lib/action_dispatch/middleware/request_id.rb:34:in 'ActionDispatch::RequestId#call'
rack (3.2.5) lib/rack/method_override.rb:28:in 'Rack::MethodOverride#call'
rack (3.2.5) lib/rack/runtime.rb:24:in 'Rack::Runtime#call'
actionpack (8.0.5) lib/action_dispatch/middleware/server_timing.rb:61:in 'block in ActionDispatch::ServerTiming#call'
actionpack (8.0.5) lib/action_dispatch/middleware/server_timing.rb:26:in 'ActionDispatch::ServerTiming::Subscriber#collect_events'
actionpack (8.0.5) lib/action_dispatch/middleware/server_timing.rb:60:in 'ActionDispatch::ServerTiming#call'
actionpack (8.0.5) lib/action_dispatch/middleware/executor.rb:16:in 'ActionDispatch::Executor#call'
propshaft (1.3.1) lib/propshaft/server.rb:37:in 'Propshaft::Server#call'
actionpack (8.0.5) lib/action_dispatch/middleware/static.rb:27:in 'ActionDispatch::Static#call'
rack (3.2.5) lib/rack/sendfile.rb:131:in 'Rack::Sendfile#call'
actionpack (8.0.5) lib/action_dispatch/middleware/host_authorization.rb:143:in 'ActionDispatch::HostAuthorization#call'
railties (8.0.5) lib/rails/engine.rb:535:in 'Rails::Engine#call'
puma (7.2.0) lib/puma/configuration.rb:296:in 'Puma::Configuration::ConfigMiddleware#call'
puma (7.2.0) lib/puma/request.rb:103:in 'block in Puma::Request#handle_request'
puma (7.2.0) lib/puma/thread_pool.rb:355:in 'Puma::ThreadPool#with_force_shutdown'
puma (7.2.0) lib/puma/request.rb:102:in 'Puma::Request#handle_request'
puma (7.2.0) lib/puma/server.rb:503:in 'Puma::Server#process_client'
puma (7.2.0) lib/puma/server.rb:262:in 'block in Puma::Server#run'
puma (7.2.0) lib/puma/thread_pool.rb:182:in 'block in Puma::ThreadPool#spawn_thread'
  [1m[35m (0.8ms)[0m  [1m[34mSELECT pg_try_advisory_lock(4457737419948999585) /*application='Wastays'*/[0m
  [1m[36mActiveRecord::SchemaMigration Load (1.2ms)[0m  [1m[34mSELECT "schema_migrations"."version" FROM "schema_migrations" ORDER BY "schema_migrations"."version" ASC /*application='Wastays'*/[0m
  [1m[36mActiveRecord::InternalMetadata Load (3.3ms)[0m  [1m[34mSELECT * FROM "ar_internal_metadata" WHERE "ar_internal_metadata"."key" = 'environment' ORDER BY "ar_internal_metadata"."key" ASC LIMIT 1 /*application='Wastays'*/[0m
Migrating to CreateRoles (20260325044112)
  [1m[36mTRANSACTION (0.1ms)[0m  [1m[35mBEGIN /*application='Wastays'*/[0m
  [1m[35m (19.6ms)[0m  [1m[35mCREATE TABLE "roles" ("id" bigserial primary key, "name" character varying, "slug" character varying, "account_id" bigint, "created_at" timestamp(6) NOT NULL, "updated_at" timestamp(6) NOT NULL, CONSTRAINT "fk_rails_7c71253d78"
FOREIGN KEY ("account_id")
  REFERENCES "accounts" ("id")
) /*application='Wastays'*/[0m
  [1m[35m (2.2ms)[0m  [1m[35mCREATE INDEX "index_roles_on_account_id" ON "roles" ("account_id") /*application='Wastays'*/[0m
  [1m[35m (9.5ms)[0m  [1m[35mCREATE INDEX "index_roles_on_slug" ON "roles" ("slug") /*application='Wastays'*/[0m
  [1m[35m (2.5ms)[0m  [1m[35mCREATE UNIQUE INDEX "index_roles_on_account_id_and_slug" ON "roles" ("account_id", "slug") /*application='Wastays'*/[0m
  [1m[36mActiveRecord::SchemaMigration Create (0.8ms)[0m  [1m[32mINSERT INTO "schema_migrations" ("version") VALUES ('20260325044112') RETURNING "version" /*application='Wastays'*/[0m
  [1m[36mTRANSACTION (0.7ms)[0m  [1m[35mCOMMIT /*application='Wastays'*/[0m
Migrating to CreatePermissions (20260325044113)
  [1m[36mTRANSACTION (0.4ms)[0m  [1m[35mBEGIN /*application='Wastays'*/[0m
  [1m[35m (13.5ms)[0m  [1m[35mCREATE TABLE "permissions" ("id" bigserial primary key, "name" character varying, "slug" character varying, "created_at" timestamp(6) NOT NULL, "updated_at" timestamp(6) NOT NULL) /*application='Wastays'*/[0m
  [1m[35m (2.3ms)[0m  [1m[35mCREATE UNIQUE INDEX "index_permissions_on_slug" ON "permissions" ("slug") /*application='Wastays'*/[0m
  [1m[36mActiveRecord::SchemaMigration Create (0.1ms)[0m  [1m[32mINSERT INTO "schema_migrations" ("version") VALUES ('20260325044113') RETURNING "version" /*application='Wastays'*/[0m
  [1m[36mTRANSACTION (0.7ms)[0m  [1m[35mCOMMIT /*application='Wastays'*/[0m
Migrating to CreateRolePermissions (20260325044114)
  [1m[36mTRANSACTION (0.5ms)[0m  [1m[35mBEGIN /*application='Wastays'*/[0m
  [1m[35m (6.7ms)[0m  [1m[35mCREATE TABLE "role_permissions" ("id" bigserial primary key, "role_id" bigint NOT NULL, "permission_id" bigint NOT NULL, "created_at" timestamp(6) NOT NULL, "updated_at" timestamp(6) NOT NULL, CONSTRAINT "fk_rails_60126080bd"
FOREIGN KEY ("role_id")
  REFERENCES "roles" ("id")
, CONSTRAINT "fk_rails_439e640a3f"
FOREIGN KEY ("permission_id")
  REFERENCES "permissions" ("id")
) /*application='Wastays'*/[0m
  [1m[35m (1.6ms)[0m  [1m[35mCREATE INDEX "index_role_permissions_on_role_id" ON "role_permissions" ("role_id") /*application='Wastays'*/[0m
  [1m[35m (0.6ms)[0m  [1m[35mCREATE INDEX "index_role_permissions_on_permission_id" ON "role_permissions" ("permission_id") /*application='Wastays'*/[0m
  [1m[36mActiveRecord::SchemaMigration Create (0.1ms)[0m  [1m[32mINSERT INTO "schema_migrations" ("version") VALUES ('20260325044114') RETURNING "version" /*application='Wastays'*/[0m
  [1m[36mTRANSACTION (0.2ms)[0m  [1m[35mCOMMIT /*application='Wastays'*/[0m
Migrating to CreateUserRoles (20260325044115)
  [1m[36mTRANSACTION (0.5ms)[0m  [1m[35mBEGIN /*application='Wastays'*/[0m
  [1m[35m (6.3ms)[0m  [1m[35mCREATE TABLE "user_roles" ("id" bigserial primary key, "user_id" bigint NOT NULL, "role_id" bigint NOT NULL, "created_at" timestamp(6) NOT NULL, "updated_at" timestamp(6) NOT NULL, CONSTRAINT "fk_rails_318345354e"
FOREIGN KEY ("user_id")
  REFERENCES "users" ("id")
, CONSTRAINT "fk_rails_3369e0d5fc"
FOREIGN KEY ("role_id")
  REFERENCES "roles" ("id")
) /*application='Wastays'*/[0m
  [1m[35m (1.8ms)[0m  [1m[35mCREATE INDEX "index_user_roles_on_user_id" ON "user_roles" ("user_id") /*application='Wastays'*/[0m
  [1m[35m (1.3ms)[0m  [1m[35mCREATE INDEX "index_user_roles_on_role_id" ON "user_roles" ("role_id") /*application='Wastays'*/[0m
  [1m[36mActiveRecord::SchemaMigration Create (0.2ms)[0m  [1m[32mINSERT INTO "schema_migrations" ("version") VALUES ('20260325044115') RETURNING "version" /*application='Wastays'*/[0m
  [1m[36mTRANSACTION (0.3ms)[0m  [1m[35mCOMMIT /*application='Wastays'*/[0m
Migrating to UpdateUserHotelAccessToUseRole (20260325044131)
  [1m[36mTRANSACTION (0.5ms)[0m  [1m[35mBEGIN /*application='Wastays'*/[0m
  [1m[35m (1.8ms)[0m  [1m[35mALTER TABLE "user_hotel_accesses" ADD "role_id" bigint /*application='Wastays'*/[0m
  [1m[35m (1.6ms)[0m  [1m[35mCREATE INDEX "index_user_hotel_accesses_on_role_id" ON "user_hotel_accesses" ("role_id") /*application='Wastays'*/[0m
  [1m[35m (3.9ms)[0m  [1m[35mALTER TABLE "user_hotel_accesses" ADD CONSTRAINT "fk_rails_cfd5090d7b"
FOREIGN KEY ("role_id")
  REFERENCES "roles" ("id")
 /*application='Wastays'*/[0m
  [1m[35m (1.6ms)[0m  [1m[35mALTER TABLE "user_hotel_accesses" DROP COLUMN "role" /*application='Wastays'*/[0m
  [1m[36mActiveRecord::SchemaMigration Create (0.2ms)[0m  [1m[32mINSERT INTO "schema_migrations" ("version") VALUES ('20260325044131') RETURNING "version" /*application='Wastays'*/[0m
  [1m[36mTRANSACTION (0.2ms)[0m  [1m[35mCOMMIT /*application='Wastays'*/[0m
  [1m[35m (0.2ms)[0m  [1m[34mSELECT pg_advisory_unlock(4457737419948999585) /*application='Wastays'*/[0m
  [1m[36mActiveRecord::SchemaMigration Load (0.2ms)[0m  [1m[34mSELECT "schema_migrations"."version" FROM "schema_migrations" ORDER BY "schema_migrations"."version" ASC /*application='Wastays'*/[0m
  [1m[36mActiveRecord::SchemaMigration Load (3.1ms)[0m  [1m[34mSELECT "schema_migrations"."version" FROM "schema_migrations" ORDER BY "schema_migrations"."version" ASC /*application='Wastays'*/[0m
  [1m[36mPermission Load (2.8ms)[0m  [1m[34mSELECT "permissions".* FROM "permissions" WHERE "permissions"."slug" = 'manage_account' LIMIT 1 /*application='Wastays'*/[0m
  [1m[36mTRANSACTION (0.1ms)[0m  [1m[35mBEGIN /*application='Wastays'*/[0m
  [1m[36mPermission Exists? (0.4ms)[0m  [1m[34mSELECT 1 AS one FROM "permissions" WHERE "permissions"."slug" = 'manage_account' LIMIT 1 /*application='Wastays'*/[0m
  [1m[36mPermission Create (6.3ms)[0m  [1m[32mINSERT INTO "permissions" ("name", "slug", "created_at", "updated_at") VALUES ('Manage Account', 'manage_account', '2026-03-25 04:53:23.828366', '2026-03-25 04:53:23.828366') RETURNING "id" /*application='Wastays'*/[0m
  [1m[36mTRANSACTION (3.7ms)[0m  [1m[35mCOMMIT /*application='Wastays'*/[0m
  [1m[36mPermission Load (0.3ms)[0m  [1m[34mSELECT "permissions".* FROM "permissions" WHERE "permissions"."slug" = 'manage_hotel_profile' LIMIT 1 /*application='Wastays'*/[0m
  [1m[36mTRANSACTION (0.1ms)[0m  [1m[35mBEGIN /*application='Wastays'*/[0m
  [1m[36mPermission Exists? (1.4ms)[0m  [1m[34mSELECT 1 AS one FROM "permissions" WHERE "permissions"."slug" = 'manage_hotel_profile' LIMIT 1 /*application='Wastays'*/[0m
  [1m[36mPermission Create (0.2ms)[0m  [1m[32mINSERT INTO "permissions" ("name", "slug", "created_at", "updated_at") VALUES ('Manage Hotel Profile', 'manage_hotel_profile', '2026-03-25 04:53:23.844422', '2026-03-25 04:53:23.844422') RETURNING "id" /*application='Wastays'*/[0m
  [1m[36mTRANSACTION (0.2ms)[0m  [1m[35mCOMMIT /*application='Wastays'*/[0m
  [1m[36mPermission Load (0.1ms)[0m  [1m[34mSELECT "permissions".* FROM "permissions" WHERE "permissions"."slug" = 'manage_room_types' LIMIT 1 /*application='Wastays'*/[0m
  [1m[36mTRANSACTION (0.1ms)[0m  [1m[35mBEGIN /*application='Wastays'*/[0m
  [1m[36mPermission Exists? (1.0ms)[0m  [1m[34mSELECT 1 AS one FROM "permissions" WHERE "permissions"."slug" = 'manage_room_types' LIMIT 1 /*application='Wastays'*/[0m
  [1m[36mPermission Create (0.3ms)[0m  [1m[32mINSERT INTO "permissions" ("name", "slug", "created_at", "updated_at") VALUES ('Manage Room Types', 'manage_room_types', '2026-03-25 04:53:23.849184', '2026-03-25 04:53:23.849184') RETURNING "id" /*application='Wastays'*/[0m
  [1m[36mTRANSACTION (0.2ms)[0m  [1m[35mCOMMIT /*application='Wastays'*/[0m
  [1m[36mPermission Load (0.2ms)[0m  [1m[34mSELECT "permissions".* FROM "permissions" WHERE "permissions"."slug" = 'manage_rates' LIMIT 1 /*application='Wastays'*/[0m
  [1m[36mTRANSACTION (0.1ms)[0m  [1m[35mBEGIN /*application='Wastays'*/[0m
  [1m[36mPermission Exists? (11.6ms)[0m  [1m[34mSELECT 1 AS one FROM "permissions" WHERE "permissions"."slug" = 'manage_rates' LIMIT 1 /*application='Wastays'*/[0m
  [1m[36mPermission Create (0.3ms)[0m  [1m[32mINSERT INTO "permissions" ("name", "slug", "created_at", "updated_at") VALUES ('Manage Rates', 'manage_rates', '2026-03-25 04:53:23.864423', '2026-03-25 04:53:23.864423') RETURNING "id" /*application='Wastays'*/[0m
  [1m[36mTRANSACTION (0.2ms)[0m  [1m[35mCOMMIT /*application='Wastays'*/[0m
  [1m[36mPermission Load (0.2ms)[0m  [1m[34mSELECT "permissions".* FROM "permissions" WHERE "permissions"."slug" = 'manage_inventory' LIMIT 1 /*application='Wastays'*/[0m
  [1m[36mTRANSACTION (0.1ms)[0m  [1m[35mBEGIN /*application='Wastays'*/[0m
  [1m[36mPermission Exists? (1.0ms)[0m  [1m[34mSELECT 1 AS one FROM "permissions" WHERE "permissions"."slug" = 'manage_inventory' LIMIT 1 /*application='Wastays'*/[0m
  [1m[36mPermission Create (0.1ms)[0m  [1m[32mINSERT INTO "permissions" ("name", "slug", "created_at", "updated_at") VALUES ('Manage Inventory', 'manage_inventory', '2026-03-25 04:53:23.869811', '2026-03-25 04:53:23.869811') RETURNING "id" /*application='Wastays'*/[0m
  [1m[36mTRANSACTION (0.2ms)[0m  [1m[35mCOMMIT /*application='Wastays'*/[0m
  [1m[36mPermission Load (0.2ms)[0m  [1m[34mSELECT "permissions".* FROM "permissions" WHERE "permissions"."slug" = 'view_bookings' LIMIT 1 /*application='Wastays'*/[0m
  [1m[36mTRANSACTION (0.1ms)[0m  [1m[35mBEGIN /*application='Wastays'*/[0m
  [1m[36mPermission Exists? (1.1ms)[0m  [1m[34mSELECT 1 AS one FROM "permissions" WHERE "permissions"."slug" = 'view_bookings' LIMIT 1 /*application='Wastays'*/[0m
  [1m[36mPermission Create (0.2ms)[0m  [1m[32mINSERT INTO "permissions" ("name", "slug", "created_at", "updated_at") VALUES ('View Bookings', 'view_bookings', '2026-03-25 04:53:23.874190', '2026-03-25 04:53:23.874190') RETURNING "id" /*application='Wastays'*/[0m
  [1m[36mTRANSACTION (0.1ms)[0m  [1m[35mCOMMIT /*application='Wastays'*/[0m
  [1m[36mPermission Load (0.2ms)[0m  [1m[34mSELECT "permissions".* FROM "permissions" WHERE "permissions"."slug" = 'manage_bookings' LIMIT 1 /*application='Wastays'*/[0m
  [1m[36mTRANSACTION (0.1ms)[0m  [1m[35mBEGIN /*application='Wastays'*/[0m
  [1m[36mPermission Exists? (1.2ms)[0m  [1m[34mSELECT 1 AS one FROM "permissions" WHERE "permissions"."slug" = 'manage_bookings' LIMIT 1 /*application='Wastays'*/[0m
  [1m[36mPermission Create (0.2ms)[0m  [1m[32mINSERT INTO "permissions" ("name", "slug", "created_at", "updated_at") VALUES ('Manage Bookings', 'manage_bookings', '2026-03-25 04:53:23.879345', '2026-03-25 04:53:23.879345') RETURNING "id" /*application='Wastays'*/[0m
  [1m[36mTRANSACTION (0.2ms)[0m  [1m[35mCOMMIT /*application='Wastays'*/[0m
  [1m[36mPermission Load (0.1ms)[0m  [1m[34mSELECT "permissions".* FROM "permissions" WHERE "permissions"."slug" = 'view_guest_phone' LIMIT 1 /*application='Wastays'*/[0m
  [1m[36mTRANSACTION (0.1ms)[0m  [1m[35mBEGIN /*application='Wastays'*/[0m
  [1m[36mPermission Exists? (1.5ms)[0m  [1m[34mSELECT 1 AS one FROM "permissions" WHERE "permissions"."slug" = 'view_guest_phone' LIMIT 1 /*application='Wastays'*/[0m
  [1m[36mPermission Create (0.2ms)[0m  [1m[32mINSERT INTO "permissions" ("name", "slug", "created_at", "updated_at") VALUES ('View Guest Phone', 'view_guest_phone', '2026-03-25 04:53:23.884866', '2026-03-25 04:53:23.884866') RETURNING "id" /*application='Wastays'*/[0m
  [1m[36mTRANSACTION (0.2ms)[0m  [1m[35mCOMMIT /*application='Wastays'*/[0m
  [1m[36mPermission Load (0.2ms)[0m  [1m[34mSELECT "permissions".* FROM "permissions" WHERE "permissions"."slug" = 'manage_guest_arrival' LIMIT 1 /*application='Wastays'*/[0m
  [1m[36mTRANSACTION (0.1ms)[0m  [1m[35mBEGIN /*application='Wastays'*/[0m
  [1m[36mPermission Exists? (1.0ms)[0m  [1m[34mSELECT 1 AS one FROM "permissions" WHERE "permissions"."slug" = 'manage_guest_arrival' LIMIT 1 /*application='Wastays'*/[0m
  [1m[36mPermission Create (0.2ms)[0m  [1m[32mINSERT INTO "permissions" ("name", "slug", "created_at", "updated_at") VALUES ('Manage Guest Arrival', 'manage_guest_arrival', '2026-03-25 04:53:23.889934', '2026-03-25 04:53:23.889934') RETURNING "id" /*application='Wastays'*/[0m
  [1m[36mTRANSACTION (0.1ms)[0m  [1m[35mCOMMIT /*application='Wastays'*/[0m
  [1m[36mPermission Load (0.1ms)[0m  [1m[34mSELECT "permissions".* FROM "permissions" WHERE "permissions"."slug" = 'view_audit_logs' LIMIT 1 /*application='Wastays'*/[0m
  [1m[36mTRANSACTION (0.1ms)[0m  [1m[35mBEGIN /*application='Wastays'*/[0m
  [1m[36mPermission Exists? (1.0ms)[0m  [1m[34mSELECT 1 AS one FROM "permissions" WHERE "permissions"."slug" = 'view_audit_logs' LIMIT 1 /*application='Wastays'*/[0m
  [1m[36mPermission Create (0.1ms)[0m  [1m[32mINSERT INTO "permissions" ("name", "slug", "created_at", "updated_at") VALUES ('View Audit Logs', 'view_audit_logs', '2026-03-25 04:53:23.894124', '2026-03-25 04:53:23.894124') RETURNING "id" /*application='Wastays'*/[0m
  [1m[36mTRANSACTION (0.2ms)[0m  [1m[35mCOMMIT /*application='Wastays'*/[0m
  [1m[36mPermission Load (0.1ms)[0m  [1m[34mSELECT "permissions".* FROM "permissions" WHERE "permissions"."slug" = 'export_audit_logs' LIMIT 1 /*application='Wastays'*/[0m
  [1m[36mTRANSACTION (0.1ms)[0m  [1m[35mBEGIN /*application='Wastays'*/[0m
  [1m[36mPermission Exists? (1.1ms)[0m  [1m[34mSELECT 1 AS one FROM "permissions" WHERE "permissions"."slug" = 'export_audit_logs' LIMIT 1 /*application='Wastays'*/[0m
  [1m[36mPermission Create (0.2ms)[0m  [1m[32mINSERT INTO "permissions" ("name", "slug", "created_at", "updated_at") VALUES ('Export Audit Logs', 'export_audit_logs', '2026-03-25 04:53:23.898513', '2026-03-25 04:53:23.898513') RETURNING "id" /*application='Wastays'*/[0m
  [1m[36mTRANSACTION (0.2ms)[0m  [1m[35mCOMMIT /*application='Wastays'*/[0m
  [1m[36mPermission Load (0.2ms)[0m  [1m[34mSELECT "permissions".* FROM "permissions" WHERE "permissions"."slug" = 'manage_users' LIMIT 1 /*application='Wastays'*/[0m
  [1m[36mTRANSACTION (0.1ms)[0m  [1m[35mBEGIN /*application='Wastays'*/[0m
  [1m[36mPermission Exists? (1.0ms)[0m  [1m[34mSELECT 1 AS one FROM "permissions" WHERE "permissions"."slug" = 'manage_users' LIMIT 1 /*application='Wastays'*/[0m
  [1m[36mPermission Create (0.1ms)[0m  [1m[32mINSERT INTO "permissions" ("name", "slug", "created_at", "updated_at") VALUES ('Manage Users', 'manage_users', '2026-03-25 04:53:23.902898', '2026-03-25 04:53:23.902898') RETURNING "id" /*application='Wastays'*/[0m
  [1m[36mTRANSACTION (0.1ms)[0m  [1m[35mCOMMIT /*application='Wastays'*/[0m
  [1m[36mAccount Load (1.2ms)[0m  [1m[34mSELECT "accounts".* FROM "accounts" WHERE "accounts"."slug" = 'sample-account' LIMIT 1 /*application='Wastays'*/[0m
  [1m[36mTRANSACTION (0.0ms)[0m  [1m[35mBEGIN /*application='Wastays'*/[0m
  [1m[36mAccount Exists? (0.1ms)[0m  [1m[34mSELECT 1 AS one FROM "accounts" WHERE "accounts"."slug" = 'sample-account' LIMIT 1 /*application='Wastays'*/[0m
  [1m[36mAccount Create (0.7ms)[0m  [1m[32mINSERT INTO "accounts" ("name", "slug", "status", "created_at", "updated_at") VALUES ('Sample Account', 'sample-account', 'active', '2026-03-25 04:53:23.914635', '2026-03-25 04:53:23.914635') RETURNING "id" /*application='Wastays'*/[0m
  [1m[36mTRANSACTION (0.3ms)[0m  [1m[35mCOMMIT /*application='Wastays'*/[0m
  [1m[36mRole Load (1.4ms)[0m  [1m[34mSELECT "roles".* FROM "roles" WHERE "roles"."account_id" = 1 AND "roles"."slug" = 'hotel_owner' LIMIT 1 /*application='Wastays'*/[0m
  [1m[36mTRANSACTION (0.1ms)[0m  [1m[35mBEGIN /*application='Wastays'*/[0m
  [1m[36mRole Exists? (0.4ms)[0m  [1m[34mSELECT 1 AS one FROM "roles" WHERE "roles"."slug" = 'hotel_owner' AND "roles"."account_id" = 1 LIMIT 1 /*application='Wastays'*/[0m
  [1m[36mRole Create (28.1ms)[0m  [1m[32mINSERT INTO "roles" ("name", "slug", "account_id", "created_at", "updated_at") VALUES ('Hotel Owner', 'hotel_owner', 1, '2026-03-25 04:53:23.938421', '2026-03-25 04:53:23.938421') RETURNING "id" /*application='Wastays'*/[0m
  [1m[36mTRANSACTION (0.3ms)[0m  [1m[35mCOMMIT /*application='Wastays'*/[0m
  [1m[36mPermission Load (0.5ms)[0m  [1m[34mSELECT "permissions".* FROM "permissions" WHERE "permissions"."slug" = 'manage_account' LIMIT 1 /*application='Wastays'*/[0m
  [1m[36mRolePermission Load (2.0ms)[0m  [1m[34mSELECT "role_permissions".* FROM "role_permissions" WHERE "role_permissions"."role_id" = 1 AND "role_permissions"."permission_id" = 1 LIMIT 1 /*application='Wastays'*/[0m
  [1m[36mTRANSACTION (0.1ms)[0m  [1m[35mBEGIN /*application='Wastays'*/[0m
  [1m[36mRolePermission Create (4.0ms)[0m  [1m[32mINSERT INTO "role_permissions" ("role_id", "permission_id", "created_at", "updated_at") VALUES (1, 1, '2026-03-25 04:53:23.987936', '2026-03-25 04:53:23.987936') RETURNING "id" /*application='Wastays'*/[0m
  [1m[36mTRANSACTION (14.3ms)[0m  [1m[35mCOMMIT /*application='Wastays'*/[0m
  [1m[36mPermission Load (9.7ms)[0m  [1m[34mSELECT "permissions".* FROM "permissions" WHERE "permissions"."slug" = 'manage_hotel_profile' LIMIT 1 /*application='Wastays'*/[0m
  [1m[36mRolePermission Load (0.2ms)[0m  [1m[34mSELECT "role_permissions".* FROM "role_permissions" WHERE "role_permissions"."role_id" = 1 AND "role_permissions"."permission_id" = 2 LIMIT 1 /*application='Wastays'*/[0m
  [1m[36mTRANSACTION (0.7ms)[0m  [1m[35mBEGIN /*application='Wastays'*/[0m
  [1m[36mRolePermission Create (2.1ms)[0m  [1m[32mINSERT INTO "role_permissions" ("role_id", "permission_id", "created_at", "updated_at") VALUES (1, 2, '2026-03-25 04:53:24.019420', '2026-03-25 04:53:24.019420') RETURNING "id" /*application='Wastays'*/[0m
  [1m[36mTRANSACTION (0.2ms)[0m  [1m[35mCOMMIT /*application='Wastays'*/[0m
  [1m[36mPermission Load (0.2ms)[0m  [1m[34mSELECT "permissions".* FROM "permissions" WHERE "permissions"."slug" = 'manage_room_types' LIMIT 1 /*application='Wastays'*/[0m
  [1m[36mRolePermission Load (0.2ms)[0m  [1m[34mSELECT "role_permissions".* FROM "role_permissions" WHERE "role_permissions"."role_id" = 1 AND "role_permissions"."permission_id" = 3 LIMIT 1 /*application='Wastays'*/[0m
  [1m[36mTRANSACTION (0.5ms)[0m  [1m[35mBEGIN /*application='Wastays'*/[0m
  [1m[36mRolePermission Create (1.5ms)[0m  [1m[32mINSERT INTO "role_permissions" ("role_id", "permission_id", "created_at", "updated_at") VALUES (1, 3, '2026-03-25 04:53:24.025112', '2026-03-25 04:53:24.025112') RETURNING "id" /*application='Wastays'*/[0m
  [1m[36mTRANSACTION (0.2ms)[0m  [1m[35mCOMMIT /*application='Wastays'*/[0m
  [1m[36mPermission Load (0.2ms)[0m  [1m[34mSELECT "permissions".* FROM "permissions" WHERE "permissions"."slug" = 'manage_rates' LIMIT 1 /*application='Wastays'*/[0m
  [1m[36mRolePermission Load (0.9ms)[0m  [1m[34mSELECT "role_permissions".* FROM "role_permissions" WHERE "role_permissions"."role_id" = 1 AND "role_permissions"."permission_id" = 4 LIMIT 1 /*application='Wastays'*/[0m
  [1m[36mTRANSACTION (1.0ms)[0m  [1m[35mBEGIN /*application='Wastays'*/[0m
  [1m[36mRolePermission Create (3.6ms)[0m  [1m[32mINSERT INTO "role_permissions" ("role_id", "permission_id", "created_at", "updated_at") VALUES (1, 4, '2026-03-25 04:53:24.030691', '2026-03-25 04:53:24.030691') RETURNING "id" /*application='Wastays'*/[0m
  [1m[36mTRANSACTION (0.2ms)[0m  [1m[35mCOMMIT /*application='Wastays'*/[0m
  [1m[36mPermission Load (0.2ms)[0m  [1m[34mSELECT "permissions".* FROM "permissions" WHERE "permissions"."slug" = 'manage_inventory' LIMIT 1 /*application='Wastays'*/[0m
  [1m[36mRolePermission Load (0.9ms)[0m  [1m[34mSELECT "role_permissions".* FROM "role_permissions" WHERE "role_permissions"."role_id" = 1 AND "role_permissions"."permission_id" = 5 LIMIT 1 /*application='Wastays'*/[0m
  [1m[36mTRANSACTION (0.1ms)[0m  [1m[35mBEGIN /*application='Wastays'*/[0m
  [1m[36mRolePermission Create (1.3ms)[0m  [1m[32mINSERT INTO "role_permissions" ("role_id", "permission_id", "created_at", "updated_at") VALUES (1, 5, '2026-03-25 04:53:24.038606', '2026-03-25 04:53:24.038606') RETURNING "id" /*application='Wastays'*/[0m
  [1m[36mTRANSACTION (1.3ms)[0m  [1m[35mCOMMIT /*application='Wastays'*/[0m
  [1m[36mPermission Load (9.8ms)[0m  [1m[34mSELECT "permissions".* FROM "permissions" WHERE "permissions"."slug" = 'view_bookings' LIMIT 1 /*application='Wastays'*/[0m
  [1m[36mRolePermission Load (0.8ms)[0m  [1m[34mSELECT "role_permissions".* FROM "role_permissions" WHERE "role_permissions"."role_id" = 1 AND "role_permissions"."permission_id" = 6 LIMIT 1 /*application='Wastays'*/[0m
  [1m[36mTRANSACTION (0.1ms)[0m  [1m[35mBEGIN /*application='Wastays'*/[0m
  [1m[36mRolePermission Create (3.1ms)[0m  [1m[32mINSERT INTO "role_permissions" ("role_id", "permission_id", "created_at", "updated_at") VALUES (1, 6, '2026-03-25 04:53:24.055060', '2026-03-25 04:53:24.055060') RETURNING "id" /*application='Wastays'*/[0m
  [1m[36mTRANSACTION (0.2ms)[0m  [1m[35mCOMMIT /*application='Wastays'*/[0m
  [1m[36mPermission Load (0.2ms)[0m  [1m[34mSELECT "permissions".* FROM "permissions" WHERE "permissions"."slug" = 'manage_bookings' LIMIT 1 /*application='Wastays'*/[0m
  [1m[36mRolePermission Load (0.2ms)[0m  [1m[34mSELECT "role_permissions".* FROM "role_permissions" WHERE "role_permissions"."role_id" = 1 AND "role_permissions"."permission_id" = 7 LIMIT 1 /*application='Wastays'*/[0m
  [1m[36mTRANSACTION (0.1ms)[0m  [1m[35mBEGIN /*application='Wastays'*/[0m
  [1m[36mRolePermission Create (1.1ms)[0m  [1m[32mINSERT INTO "role_permissions" ("role_id", "permission_id", "created_at", "updated_at") VALUES (1, 7, '2026-03-25 04:53:24.061933', '2026-03-25 04:53:24.061933') RETURNING "id" /*application='Wastays'*/[0m
  [1m[36mTRANSACTION (0.2ms)[0m  [1m[35mCOMMIT /*application='Wastays'*/[0m
  [1m[36mPermission Load (0.3ms)[0m  [1m[34mSELECT "permissions".* FROM "permissions" WHERE "permissions"."slug" = 'view_guest_phone' LIMIT 1 /*application='Wastays'*/[0m
  [1m[36mRolePermission Load (0.2ms)[0m  [1m[34mSELECT "role_permissions".* FROM "role_permissions" WHERE "role_permissions"."role_id" = 1 AND "role_permissions"."permission_id" = 8 LIMIT 1 /*application='Wastays'*/[0m
  [1m[36mTRANSACTION (0.1ms)[0m  [1m[35mBEGIN /*application='Wastays'*/[0m
  [1m[36mRolePermission Create (1.2ms)[0m  [1m[32mINSERT INTO "role_permissions" ("role_id", "permission_id", "created_at", "updated_at") VALUES (1, 8, '2026-03-25 04:53:24.067208', '2026-03-25 04:53:24.067208') RETURNING "id" /*application='Wastays'*/[0m
  [1m[36mTRANSACTION (0.5ms)[0m  [1m[35mCOMMIT /*application='Wastays'*/[0m
  [1m[36mPermission Load (0.2ms)[0m  [1m[34mSELECT "permissions".* FROM "permissions" WHERE "permissions"."slug" = 'manage_guest_arrival' LIMIT 1 /*application='Wastays'*/[0m
  [1m[36mRolePermission Load (0.1ms)[0m  [1m[34mSELECT "role_permissions".* FROM "role_permissions" WHERE "role_permissions"."role_id" = 1 AND "role_permissions"."permission_id" = 9 LIMIT 1 /*application='Wastays'*/[0m
  [1m[36mTRANSACTION (0.1ms)[0m  [1m[35mBEGIN /*application='Wastays'*/[0m
  [1m[36mRolePermission Create (1.0ms)[0m  [1m[32mINSERT INTO "role_permissions" ("role_id", "permission_id", "created_at", "updated_at") VALUES (1, 9, '2026-03-25 04:53:24.072413', '2026-03-25 04:53:24.072413') RETURNING "id" /*application='Wastays'*/[0m
  [1m[36mTRANSACTION (0.2ms)[0m  [1m[35mCOMMIT /*application='Wastays'*/[0m
  [1m[36mPermission Load (0.2ms)[0m  [1m[34mSELECT "permissions".* FROM "permissions" WHERE "permissions"."slug" = 'view_audit_logs' LIMIT 1 /*application='Wastays'*/[0m
  [1m[36mRolePermission Load (0.1ms)[0m  [1m[34mSELECT "role_permissions".* FROM "role_permissions" WHERE "role_permissions"."role_id" = 1 AND "role_permissions"."permission_id" = 10 LIMIT 1 /*application='Wastays'*/[0m
  [1m[36mTRANSACTION (0.0ms)[0m  [1m[35mBEGIN /*application='Wastays'*/[0m
  [1m[36mRolePermission Create (1.2ms)[0m  [1m[32mINSERT INTO "role_permissions" ("role_id", "permission_id", "created_at", "updated_at") VALUES (1, 10, '2026-03-25 04:53:24.076789', '2026-03-25 04:53:24.076789') RETURNING "id" /*application='Wastays'*/[0m
  [1m[36mTRANSACTION (0.2ms)[0m  [1m[35mCOMMIT /*application='Wastays'*/[0m
  [1m[36mPermission Load (0.2ms)[0m  [1m[34mSELECT "permissions".* FROM "permissions" WHERE "permissions"."slug" = 'export_audit_logs' LIMIT 1 /*application='Wastays'*/[0m
  [1m[36mRolePermission Load (0.2ms)[0m  [1m[34mSELECT "role_permissions".* FROM "role_permissions" WHERE "role_permissions"."role_id" = 1 AND "role_permissions"."permission_id" = 11 LIMIT 1 /*application='Wastays'*/[0m
  [1m[36mTRANSACTION (0.1ms)[0m  [1m[35mBEGIN /*application='Wastays'*/[0m
  [1m[36mRolePermission Create (1.0ms)[0m  [1m[32mINSERT INTO "role_permissions" ("role_id", "permission_id", "created_at", "updated_at") VALUES (1, 11, '2026-03-25 04:53:24.081170', '2026-03-25 04:53:24.081170') RETURNING "id" /*application='Wastays'*/[0m
  [1m[36mTRANSACTION (0.1ms)[0m  [1m[35mCOMMIT /*application='Wastays'*/[0m
  [1m[36mPermission Load (0.1ms)[0m  [1m[34mSELECT "permissions".* FROM "permissions" WHERE "permissions"."slug" = 'manage_users' LIMIT 1 /*application='Wastays'*/[0m
  [1m[36mRolePermission Load (0.1ms)[0m  [1m[34mSELECT "role_permissions".* FROM "role_permissions" WHERE "role_permissions"."role_id" = 1 AND "role_permissions"."permission_id" = 12 LIMIT 1 /*application='Wastays'*/[0m
  [1m[36mTRANSACTION (0.0ms)[0m  [1m[35mBEGIN /*application='Wastays'*/[0m
  [1m[36mRolePermission Create (1.0ms)[0m  [1m[32mINSERT INTO "role_permissions" ("role_id", "permission_id", "created_at", "updated_at") VALUES (1, 12, '2026-03-25 04:53:24.085273', '2026-03-25 04:53:24.085273') RETURNING "id" /*application='Wastays'*/[0m
  [1m[36mTRANSACTION (0.1ms)[0m  [1m[35mCOMMIT /*application='Wastays'*/[0m
  [1m[36mRole Load (0.1ms)[0m  [1m[34mSELECT "roles".* FROM "roles" WHERE "roles"."account_id" = 1 AND "roles"."slug" = 'general_manager' LIMIT 1 /*application='Wastays'*/[0m
  [1m[36mTRANSACTION (0.0ms)[0m  [1m[35mBEGIN /*application='Wastays'*/[0m
  [1m[36mRole Exists? (1.0ms)[0m  [1m[34mSELECT 1 AS one FROM "roles" WHERE "roles"."slug" = 'general_manager' AND "roles"."account_id" = 1 LIMIT 1 /*application='Wastays'*/[0m
  [1m[36mRole Create (0.2ms)[0m  [1m[32mINSERT INTO "roles" ("name", "slug", "account_id", "created_at", "updated_at") VALUES ('General Manager', 'general_manager', 1, '2026-03-25 04:53:24.090595', '2026-03-25 04:53:24.090595') RETURNING "id" /*application='Wastays'*/[0m
  [1m[36mTRANSACTION (2.1ms)[0m  [1m[35mCOMMIT /*application='Wastays'*/[0m
  [1m[36mPermission Load (0.2ms)[0m  [1m[34mSELECT "permissions".* FROM "permissions" WHERE "permissions"."slug" = 'manage_hotel_profile' LIMIT 1 /*application='Wastays'*/[0m
  [1m[36mRolePermission Load (0.1ms)[0m  [1m[34mSELECT "role_permissions".* FROM "role_permissions" WHERE "role_permissions"."role_id" = 2 AND "role_permissions"."permission_id" = 2 LIMIT 1 /*application='Wastays'*/[0m
  [1m[36mTRANSACTION (0.1ms)[0m  [1m[35mBEGIN /*application='Wastays'*/[0m
  [1m[36mRolePermission Create (1.2ms)[0m  [1m[32mINSERT INTO "role_permissions" ("role_id", "permission_id", "created_at", "updated_at") VALUES (2, 2, '2026-03-25 04:53:24.097133', '2026-03-25 04:53:24.097133') RETURNING "id" /*application='Wastays'*/[0m
  [1m[36mTRANSACTION (0.2ms)[0m  [1m[35mCOMMIT /*application='Wastays'*/[0m
  [1m[36mPermission Load (0.2ms)[0m  [1m[34mSELECT "permissions".* FROM "permissions" WHERE "permissions"."slug" = 'manage_room_types' LIMIT 1 /*application='Wastays'*/[0m
  [1m[36mRolePermission Load (0.2ms)[0m  [1m[34mSELECT "role_permissions".* FROM "role_permissions" WHERE "role_permissions"."role_id" = 2 AND "role_permissions"."permission_id" = 3 LIMIT 1 /*application='Wastays'*/[0m
  [1m[36mTRANSACTION (0.1ms)[0m  [1m[35mBEGIN /*application='Wastays'*/[0m
  [1m[36mRolePermission Create (5.0ms)[0m  [1m[32mINSERT INTO "role_permissions" ("role_id", "permission_id", "created_at", "updated_at") VALUES (2, 3, '2026-03-25 04:53:24.101642', '2026-03-25 04:53:24.101642') RETURNING "id" /*application='Wastays'*/[0m
  [1m[36mTRANSACTION (0.5ms)[0m  [1m[35mCOMMIT /*application='Wastays'*/[0m
  [1m[36mPermission Load (0.9ms)[0m  [1m[34mSELECT "permissions".* FROM "permissions" WHERE "permissions"."slug" = 'manage_rates' LIMIT 1 /*application='Wastays'*/[0m
  [1m[36mRolePermission Load (0.2ms)[0m  [1m[34mSELECT "role_permissions".* FROM "role_permissions" WHERE "role_permissions"."role_id" = 2 AND "role_permissions"."permission_id" = 4 LIMIT 1 /*application='Wastays'*/[0m
  [1m[36mTRANSACTION (0.1ms)[0m  [1m[35mBEGIN /*application='Wastays'*/[0m
  [1m[36mRolePermission Create (1.0ms)[0m  [1m[32mINSERT INTO "role_permissions" ("role_id", "permission_id", "created_at", "updated_at") VALUES (2, 4, '2026-03-25 04:53:24.111096', '2026-03-25 04:53:24.111096') RETURNING "id" /*application='Wastays'*/[0m
  [1m[36mTRANSACTION (0.2ms)[0m  [1m[35mCOMMIT /*application='Wastays'*/[0m
  [1m[36mPermission Load (0.1ms)[0m  [1m[34mSELECT "permissions".* FROM "permissions" WHERE "permissions"."slug" = 'manage_inventory' LIMIT 1 /*application='Wastays'*/[0m
  [1m[36mRolePermission Load (0.1ms)[0m  [1m[34mSELECT "role_permissions".* FROM "role_permissions" WHERE "role_permissions"."role_id" = 2 AND "role_permissions"."permission_id" = 5 LIMIT 1 /*application='Wastays'*/[0m
  [1m[36mTRANSACTION (0.0ms)[0m  [1m[35mBEGIN /*application='Wastays'*/[0m
  [1m[36mRolePermission Create (1.0ms)[0m  [1m[32mINSERT INTO "role_permissions" ("role_id", "permission_id", "created_at", "updated_at") VALUES (2, 5, '2026-03-25 04:53:24.115302', '2026-03-25 04:53:24.115302') RETURNING "id" /*application='Wastays'*/[0m
  [1m[36mTRANSACTION (0.2ms)[0m  [1m[35mCOMMIT /*application='Wastays'*/[0m
  [1m[36mPermission Load (0.2ms)[0m  [1m[34mSELECT "permissions".* FROM "permissions" WHERE "permissions"."slug" = 'view_bookings' LIMIT 1 /*application='Wastays'*/[0m
  [1m[36mRolePermission Load (0.1ms)[0m  [1m[34mSELECT "role_permissions".* FROM "role_permissions" WHERE "role_permissions"."role_id" = 2 AND "role_permissions"."permission_id" = 6 LIMIT 1 /*application='Wastays'*/[0m
  [1m[36mTRANSACTION (0.1ms)[0m  [1m[35mBEGIN /*application='Wastays'*/[0m
  [1m[36mRolePermission Create (1.2ms)[0m  [1m[32mINSERT INTO "role_permissions" ("role_id", "permission_id", "created_at", "updated_at") VALUES (2, 6, '2026-03-25 04:53:24.119581', '2026-03-25 04:53:24.119581') RETURNING "id" /*application='Wastays'*/[0m
  [1m[36mTRANSACTION (0.2ms)[0m  [1m[35mCOMMIT /*application='Wastays'*/[0m
  [1m[36mPermission Load (0.2ms)[0m  [1m[34mSELECT "permissions".* FROM "permissions" WHERE "permissions"."slug" = 'manage_bookings' LIMIT 1 /*application='Wastays'*/[0m
  [1m[36mRolePermission Load (0.2ms)[0m  [1m[34mSELECT "role_permissions".* FROM "role_permissions" WHERE "role_permissions"."role_id" = 2 AND "role_permissions"."permission_id" = 7 LIMIT 1 /*application='Wastays'*/[0m
  [1m[36mTRANSACTION (0.1ms)[0m  [1m[35mBEGIN /*application='Wastays'*/[0m
  [1m[36mRolePermission Create (1.1ms)[0m  [1m[32mINSERT INTO "role_permissions" ("role_id", "permission_id", "created_at", "updated_at") VALUES (2, 7, '2026-03-25 04:53:24.124107', '2026-03-25 04:53:24.124107') RETURNING "id" /*application='Wastays'*/[0m
  [1m[36mTRANSACTION (0.1ms)[0m  [1m[35mCOMMIT /*application='Wastays'*/[0m
  [1m[36mPermission Load (0.2ms)[0m  [1m[34mSELECT "permissions".* FROM "permissions" WHERE "permissions"."slug" = 'view_guest_phone' LIMIT 1 /*application='Wastays'*/[0m
  [1m[36mRolePermission Load (0.2ms)[0m  [1m[34mSELECT "role_permissions".* FROM "role_permissions" WHERE "role_permissions"."role_id" = 2 AND "role_permissions"."permission_id" = 8 LIMIT 1 /*application='Wastays'*/[0m
  [1m[36mTRANSACTION (0.1ms)[0m  [1m[35mBEGIN /*application='Wastays'*/[0m
  [1m[36mRolePermission Create (10.1ms)[0m  [1m[32mINSERT INTO "role_permissions" ("role_id", "permission_id", "created_at", "updated_at") VALUES (2, 8, '2026-03-25 04:53:24.128436', '2026-03-25 04:53:24.128436') RETURNING "id" /*application='Wastays'*/[0m
  [1m[36mTRANSACTION (0.2ms)[0m  [1m[35mCOMMIT /*application='Wastays'*/[0m
  [1m[36mPermission Load (0.2ms)[0m  [1m[34mSELECT "permissions".* FROM "permissions" WHERE "permissions"."slug" = 'manage_guest_arrival' LIMIT 1 /*application='Wastays'*/[0m
  [1m[36mRolePermission Load (0.2ms)[0m  [1m[34mSELECT "role_permissions".* FROM "role_permissions" WHERE "role_permissions"."role_id" = 2 AND "role_permissions"."permission_id" = 9 LIMIT 1 /*application='Wastays'*/[0m
  [1m[36mTRANSACTION (0.2ms)[0m  [1m[35mBEGIN /*application='Wastays'*/[0m
  [1m[36mRolePermission Create (1.2ms)[0m  [1m[32mINSERT INTO "role_permissions" ("role_id", "permission_id", "created_at", "updated_at") VALUES (2, 9, '2026-03-25 04:53:24.142033', '2026-03-25 04:53:24.142033') RETURNING "id" /*application='Wastays'*/[0m
  [1m[36mTRANSACTION (0.2ms)[0m  [1m[35mCOMMIT /*application='Wastays'*/[0m
  [1m[36mPermission Load (0.2ms)[0m  [1m[34mSELECT "permissions".* FROM "permissions" WHERE "permissions"."slug" = 'view_audit_logs' LIMIT 1 /*application='Wastays'*/[0m
  [1m[36mRolePermission Load (0.2ms)[0m  [1m[34mSELECT "role_permissions".* FROM "role_permissions" WHERE "role_permissions"."role_id" = 2 AND "role_permissions"."permission_id" = 10 LIMIT 1 /*application='Wastays'*/[0m
  [1m[36mTRANSACTION (0.1ms)[0m  [1m[35mBEGIN /*application='Wastays'*/[0m
  [1m[36mRolePermission Create (1.5ms)[0m  [1m[32mINSERT INTO "role_permissions" ("role_id", "permission_id", "created_at", "updated_at") VALUES (2, 10, '2026-03-25 04:53:24.147366', '2026-03-25 04:53:24.147366') RETURNING "id" /*application='Wastays'*/[0m
  [1m[36mTRANSACTION (0.4ms)[0m  [1m[35mCOMMIT /*application='Wastays'*/[0m
  [1m[36mPermission Load (0.2ms)[0m  [1m[34mSELECT "permissions".* FROM "permissions" WHERE "permissions"."slug" = 'export_audit_logs' LIMIT 1 /*application='Wastays'*/[0m
  [1m[36mRolePermission Load (0.1ms)[0m  [1m[34mSELECT "role_permissions".* FROM "role_permissions" WHERE "role_permissions"."role_id" = 2 AND "role_permissions"."permission_id" = 11 LIMIT 1 /*application='Wastays'*/[0m
  [1m[36mTRANSACTION (0.1ms)[0m  [1m[35mBEGIN /*application='Wastays'*/[0m
  [1m[36mRolePermission Create (1.1ms)[0m  [1m[32mINSERT INTO "role_permissions" ("role_id", "permission_id", "created_at", "updated_at") VALUES (2, 11, '2026-03-25 04:53:24.153110', '2026-03-25 04:53:24.153110') RETURNING "id" /*application='Wastays'*/[0m
  [1m[36mTRANSACTION (0.2ms)[0m  [1m[35mCOMMIT /*application='Wastays'*/[0m
  [1m[36mPermission Load (0.2ms)[0m  [1m[34mSELECT "permissions".* FROM "permissions" WHERE "permissions"."slug" = 'manage_users' LIMIT 1 /*application='Wastays'*/[0m
  [1m[36mRolePermission Load (0.2ms)[0m  [1m[34mSELECT "role_permissions".* FROM "role_permissions" WHERE "role_permissions"."role_id" = 2 AND "role_permissions"."permission_id" = 12 LIMIT 1 /*application='Wastays'*/[0m
  [1m[36mTRANSACTION (0.1ms)[0m  [1m[35mBEGIN /*application='Wastays'*/[0m
  [1m[36mRolePermission Create (1.2ms)[0m  [1m[32mINSERT INTO "role_permissions" ("role_id", "permission_id", "created_at", "updated_at") VALUES (2, 12, '2026-03-25 04:53:24.157457', '2026-03-25 04:53:24.157457') RETURNING "id" /*application='Wastays'*/[0m
  [1m[36mTRANSACTION (0.3ms)[0m  [1m[35mCOMMIT /*application='Wastays'*/[0m
  [1m[36mRole Load (0.3ms)[0m  [1m[34mSELECT "roles".* FROM "roles" WHERE "roles"."account_id" = 1 AND "roles"."slug" = 'front_desk' LIMIT 1 /*application='Wastays'*/[0m
  [1m[36mTRANSACTION (0.1ms)[0m  [1m[35mBEGIN /*application='Wastays'*/[0m
  [1m[36mRole Exists? (1.1ms)[0m  [1m[34mSELECT 1 AS one FROM "roles" WHERE "roles"."slug" = 'front_desk' AND "roles"."account_id" = 1 LIMIT 1 /*application='Wastays'*/[0m
  [1m[36mRole Create (0.4ms)[0m  [1m[32mINSERT INTO "roles" ("name", "slug", "account_id", "created_at", "updated_at") VALUES ('Front Desk', 'front_desk', 1, '2026-03-25 04:53:24.164248', '2026-03-25 04:53:24.164248') RETURNING "id" /*application='Wastays'*/[0m
  [1m[36mTRANSACTION (0.2ms)[0m  [1m[35mCOMMIT /*application='Wastays'*/[0m
  [1m[36mPermission Load (0.2ms)[0m  [1m[34mSELECT "permissions".* FROM "permissions" WHERE "permissions"."slug" = 'view_bookings' LIMIT 1 /*application='Wastays'*/[0m
  [1m[36mRolePermission Load (0.2ms)[0m  [1m[34mSELECT "role_permissions".* FROM "role_permissions" WHERE "role_permissions"."role_id" = 3 AND "role_permissions"."permission_id" = 6 LIMIT 1 /*application='Wastays'*/[0m
  [1m[36mTRANSACTION (0.1ms)[0m  [1m[35mBEGIN /*application='Wastays'*/[0m
  [1m[36mRolePermission Create (1.0ms)[0m  [1m[32mINSERT INTO "role_permissions" ("role_id", "permission_id", "created_at", "updated_at") VALUES (3, 6, '2026-03-25 04:53:24.168703', '2026-03-25 04:53:24.168703') RETURNING "id" /*application='Wastays'*/[0m
  [1m[36mTRANSACTION (0.2ms)[0m  [1m[35mCOMMIT /*application='Wastays'*/[0m
  [1m[36mPermission Load (0.2ms)[0m  [1m[34mSELECT "permissions".* FROM "permissions" WHERE "permissions"."slug" = 'manage_bookings' LIMIT 1 /*application='Wastays'*/[0m
  [1m[36mRolePermission Load (0.2ms)[0m  [1m[34mSELECT "role_permissions".* FROM "role_permissions" WHERE "role_permissions"."role_id" = 3 AND "role_permissions"."permission_id" = 7 LIMIT 1 /*application='Wastays'*/[0m
  [1m[36mTRANSACTION (0.1ms)[0m  [1m[35mBEGIN /*application='Wastays'*/[0m
  [1m[36mRolePermission Create (1.0ms)[0m  [1m[32mINSERT INTO "role_permissions" ("role_id", "permission_id", "created_at", "updated_at") VALUES (3, 7, '2026-03-25 04:53:24.172913', '2026-03-25 04:53:24.172913') RETURNING "id" /*application='Wastays'*/[0m
  [1m[36mTRANSACTION (0.2ms)[0m  [1m[35mCOMMIT /*application='Wastays'*/[0m
  [1m[36mPermission Load (0.2ms)[0m  [1m[34mSELECT "permissions".* FROM "permissions" WHERE "permissions"."slug" = 'manage_guest_arrival' LIMIT 1 /*application='Wastays'*/[0m
  [1m[36mRolePermission Load (0.2ms)[0m  [1m[34mSELECT "role_permissions".* FROM "role_permissions" WHERE "role_permissions"."role_id" = 3 AND "role_permissions"."permission_id" = 9 LIMIT 1 /*application='Wastays'*/[0m
  [1m[36mTRANSACTION (0.1ms)[0m  [1m[35mBEGIN /*application='Wastays'*/[0m
  [1m[36mRolePermission Create (1.0ms)[0m  [1m[32mINSERT INTO "role_permissions" ("role_id", "permission_id", "created_at", "updated_at") VALUES (3, 9, '2026-03-25 04:53:24.177883', '2026-03-25 04:53:24.177883') RETURNING "id" /*application='Wastays'*/[0m
  [1m[36mTRANSACTION (0.4ms)[0m  [1m[35mCOMMIT /*application='Wastays'*/[0m
  [1m[36mRole Load (0.2ms)[0m  [1m[34mSELECT "roles".* FROM "roles" WHERE "roles"."account_id" = 1 AND "roles"."slug" = 'reservation_staff' LIMIT 1 /*application='Wastays'*/[0m
  [1m[36mTRANSACTION (0.1ms)[0m  [1m[35mBEGIN /*application='Wastays'*/[0m
  [1m[36mRole Exists? (1.8ms)[0m  [1m[34mSELECT 1 AS one FROM "roles" WHERE "roles"."slug" = 'reservation_staff' AND "roles"."account_id" = 1 LIMIT 1 /*application='Wastays'*/[0m
  [1m[36mRole Create (0.2ms)[0m  [1m[32mINSERT INTO "roles" ("name", "slug", "account_id", "created_at", "updated_at") VALUES ('Reservation Staff', 'reservation_staff', 1, '2026-03-25 04:53:24.184249', '2026-03-25 04:53:24.184249') RETURNING "id" /*application='Wastays'*/[0m
  [1m[36mTRANSACTION (0.3ms)[0m  [1m[35mCOMMIT /*application='Wastays'*/[0m
  [1m[36mPermission Load (0.2ms)[0m  [1m[34mSELECT "permissions".* FROM "permissions" WHERE "permissions"."slug" = 'view_bookings' LIMIT 1 /*application='Wastays'*/[0m
  [1m[36mRolePermission Load (0.2ms)[0m  [1m[34mSELECT "role_permissions".* FROM "role_permissions" WHERE "role_permissions"."role_id" = 4 AND "role_permissions"."permission_id" = 6 LIMIT 1 /*application='Wastays'*/[0m
  [1m[36mTRANSACTION (0.1ms)[0m  [1m[35mBEGIN /*application='Wastays'*/[0m
  [1m[36mRolePermission Create (1.0ms)[0m  [1m[32mINSERT INTO "role_permissions" ("role_id", "permission_id", "created_at", "updated_at") VALUES (4, 6, '2026-03-25 04:53:24.187721', '2026-03-25 04:53:24.187721') RETURNING "id" /*application='Wastays'*/[0m
  [1m[36mTRANSACTION (0.2ms)[0m  [1m[35mCOMMIT /*application='Wastays'*/[0m
  [1m[36mPermission Load (0.2ms)[0m  [1m[34mSELECT "permissions".* FROM "permissions" WHERE "permissions"."slug" = 'manage_bookings' LIMIT 1 /*application='Wastays'*/[0m
  [1m[36mRolePermission Load (0.2ms)[0m  [1m[34mSELECT "role_permissions".* FROM "role_permissions" WHERE "role_permissions"."role_id" = 4 AND "role_permissions"."permission_id" = 7 LIMIT 1 /*application='Wastays'*/[0m
  [1m[36mTRANSACTION (0.1ms)[0m  [1m[35mBEGIN /*application='Wastays'*/[0m
  [1m[36mRolePermission Create (1.1ms)[0m  [1m[32mINSERT INTO "role_permissions" ("role_id", "permission_id", "created_at", "updated_at") VALUES (4, 7, '2026-03-25 04:53:24.192675', '2026-03-25 04:53:24.192675') RETURNING "id" /*application='Wastays'*/[0m
  [1m[36mTRANSACTION (0.2ms)[0m  [1m[35mCOMMIT /*application='Wastays'*/[0m
  [1m[36mPermission Load (0.2ms)[0m  [1m[34mSELECT "permissions".* FROM "permissions" WHERE "permissions"."slug" = 'view_guest_phone' LIMIT 1 /*application='Wastays'*/[0m
  [1m[36mRolePermission Load (0.2ms)[0m  [1m[34mSELECT "role_permissions".* FROM "role_permissions" WHERE "role_permissions"."role_id" = 4 AND "role_permissions"."permission_id" = 8 LIMIT 1 /*application='Wastays'*/[0m
  [1m[36mTRANSACTION (0.1ms)[0m  [1m[35mBEGIN /*application='Wastays'*/[0m
  [1m[36mRolePermission Create (1.7ms)[0m  [1m[32mINSERT INTO "role_permissions" ("role_id", "permission_id", "created_at", "updated_at") VALUES (4, 8, '2026-03-25 04:53:24.196880', '2026-03-25 04:53:24.196880') RETURNING "id" /*application='Wastays'*/[0m
  [1m[36mTRANSACTION (0.2ms)[0m  [1m[35mCOMMIT /*application='Wastays'*/[0m
  [1m[36mHotel Load (1.4ms)[0m  [1m[34mSELECT "hotels".* FROM "hotels" WHERE "hotels"."account_id" = 1 AND "hotels"."name" = 'Sample Hotel' LIMIT 1 /*application='Wastays'*/[0m
  [1m[36mTRANSACTION (0.1ms)[0m  [1m[35mBEGIN /*application='Wastays'*/[0m
  [1m[36mHotel Create (1.3ms)[0m  [1m[32mINSERT INTO "hotels" ("name", "address", "city", "country", "star_rating", "account_id", "status", "created_at", "updated_at") VALUES ('Sample Hotel', NULL, 'Kuala Lumpur', 'Malaysia', NULL, 1, 'approved', '2026-03-25 04:53:24.213582', '2026-03-25 04:53:24.213582') RETURNING "id" /*application='Wastays'*/[0m
  [1m[36mTRANSACTION (0.3ms)[0m  [1m[35mCOMMIT /*application='Wastays'*/[0m
  [1m[36mUser Load (1.6ms)[0m  [1m[34mSELECT "users".* FROM "users" WHERE "users"."email" = 'superadmin@wastays.com' LIMIT 1 /*application='Wastays'*/[0m
  [1m[36mTRANSACTION (0.1ms)[0m  [1m[35mBEGIN /*application='Wastays'*/[0m
  [1m[36mUser Exists? (0.8ms)[0m  [1m[34mSELECT 1 AS one FROM "users" WHERE "users"."email" = 'superadmin@wastays.com' LIMIT 1 /*application='Wastays'*/[0m
  [1m[36mUser Create (1.7ms)[0m  [1m[32mINSERT INTO "users" ("name", "email", "password_digest", "account_id", "role", "created_at", "updated_at") VALUES ('Super Admin', 'superadmin@wastays.com', '$2a$12$HzfKLN9PbwhAjAlUDW4m2e/R4aMXWMexQFXrCW5jCh41SA5jYgmkC', 1, 'superadmin', '2026-03-25 04:53:24.654784', '2026-03-25 04:53:24.654784') RETURNING "id" /*application='Wastays'*/[0m
  [1m[36mTRANSACTION (0.4ms)[0m  [1m[35mCOMMIT /*application='Wastays'*/[0m
  [1m[36mRole Load (0.4ms)[0m  [1m[34mSELECT "roles".* FROM "roles" WHERE "roles"."account_id" = 1 AND "roles"."slug" = 'hotel_owner' LIMIT 1 /*application='Wastays'*/[0m
  [1m[36mUser Load (0.2ms)[0m  [1m[34mSELECT "users".* FROM "users" WHERE "users"."email" = 'owner@sample.com' LIMIT 1 /*application='Wastays'*/[0m
  [1m[36mTRANSACTION (0.1ms)[0m  [1m[35mBEGIN /*application='Wastays'*/[0m
  [1m[36mUser Exists? (1.6ms)[0m  [1m[34mSELECT 1 AS one FROM "users" WHERE "users"."email" = 'owner@sample.com' LIMIT 1 /*application='Wastays'*/[0m
  [1m[36mUser Create (0.5ms)[0m  [1m[32mINSERT INTO "users" ("name", "email", "password_digest", "account_id", "role", "created_at", "updated_at") VALUES ('Hotel Owner', 'owner@sample.com', '$2a$12$kLaY8PrZCaUKaLu918niHO8HWfEyqRY/GOLC5Vy/ZwPYHpXcALOgu', 1, 'admin', '2026-03-25 04:53:25.195391', '2026-03-25 04:53:25.195391') RETURNING "id" /*application='Wastays'*/[0m
  [1m[36mTRANSACTION (0.3ms)[0m  [1m[35mCOMMIT /*application='Wastays'*/[0m
  [1m[36mUserRole Load (2.9ms)[0m  [1m[34mSELECT "user_roles".* FROM "user_roles" WHERE "user_roles"."user_id" = 2 AND "user_roles"."role_id" = 1 LIMIT 1 /*application='Wastays'*/[0m
  [1m[36mTRANSACTION (0.1ms)[0m  [1m[35mBEGIN /*application='Wastays'*/[0m
  [1m[36mUserRole Create (1.1ms)[0m  [1m[32mINSERT INTO "user_roles" ("user_id", "role_id", "created_at", "updated_at") VALUES (2, 1, '2026-03-25 04:53:25.216953', '2026-03-25 04:53:25.216953') RETURNING "id" /*application='Wastays'*/[0m
  [1m[36mTRANSACTION (0.8ms)[0m  [1m[35mCOMMIT /*application='Wastays'*/[0m
  [1m[36mUserHotelAccess Load (23.3ms)[0m  [1m[34mSELECT "user_hotel_accesses".* FROM "user_hotel_accesses" WHERE "user_hotel_accesses"."user_id" = 2 AND "user_hotel_accesses"."hotel_id" = 1 AND "user_hotel_accesses"."role_id" = 1 LIMIT 1 /*application='Wastays'*/[0m
  [1m[36mTRANSACTION (1.0ms)[0m  [1m[35mBEGIN /*application='Wastays'*/[0m
  [1m[36mUserHotelAccess Exists? (0.3ms)[0m  [1m[34mSELECT 1 AS one FROM "user_hotel_accesses" WHERE "user_hotel_accesses"."user_id" = 2 AND "user_hotel_accesses"."hotel_id" = 1 LIMIT 1 /*application='Wastays'*/[0m
  [1m[36mUserHotelAccess Create (13.4ms)[0m  [1m[32mINSERT INTO "user_hotel_accesses" ("user_id", "hotel_id", "created_at", "updated_at", "role_id") VALUES (2, 1, '2026-03-25 04:53:25.304474', '2026-03-25 04:53:25.304474', 1) RETURNING "id" /*application='Wastays'*/[0m
  [1m[36mTRANSACTION (0.3ms)[0m  [1m[35mCOMMIT /*application='Wastays'*/[0m
Started GET "/" for 127.0.0.1 at 2026-03-25 12:55:59 +0800
  [1m[36mActiveRecord::SchemaMigration Load (0.8ms)[0m  [1m[34mSELECT "schema_migrations"."version" FROM "schema_migrations" ORDER BY "schema_migrations"."version" ASC /*application='Wastays'*/[0m
  
NameError (uninitialized constant ApplicationController::Pundit):
  
app/controllers/application_controller.rb:2:in '<class:ApplicationController>'
app/controllers/application_controller.rb:1:in '<main>'
app/controllers/static_pages_controller.rb:1:in '<main>'
Started GET "/favicon.ico" for 127.0.0.1 at 2026-03-25 12:55:59 +0800
  
ActionController::RoutingError (No route matches [GET] "/favicon.ico"):
  
Started GET "/login" for 127.0.0.1 at 2026-03-25 12:56:06 +0800
  
NameError (uninitialized constant ApplicationController::Pundit):
  
app/controllers/application_controller.rb:2:in '<class:ApplicationController>'
app/controllers/application_controller.rb:1:in '<main>'
app/controllers/public/sessions_controller.rb:1:in '<main>'
Started GET "/login" for 127.0.0.1 at 2026-03-25 12:56:26 +0800
  
NameError (uninitialized constant ApplicationController::Pundit):
  
app/controllers/application_controller.rb:2:in '<class:ApplicationController>'
app/controllers/application_controller.rb:1:in '<main>'
app/controllers/public/sessions_controller.rb:1:in '<main>'
Started GET "/login" for 127.0.0.1 at 2026-03-25 12:56:40 +0800
  [1m[36mActiveRecord::SchemaMigration Load (2.8ms)[0m  [1m[34mSELECT "schema_migrations"."version" FROM "schema_migrations" ORDER BY "schema_migrations"."version" ASC /*application='Wastays'*/[0m
Processing by Public::SessionsController#new as HTML
  Rendering layout layouts/application.html.erb
  Rendering public/sessions/new.html.erb within layouts/application
  Rendered public/sessions/new.html.erb within layouts/application (Duration: 8.4ms | GC: 0.0ms)
  Rendered layout layouts/application.html.erb (Duration: 14.7ms | GC: 0.0ms)
Completed 200 OK in 138ms (Views: 16.5ms | ActiveRecord: 0.0ms (0 queries, 0 cached) | GC: 15.6ms)


Started POST "/login" for 127.0.0.1 at 2026-03-25 12:56:44 +0800
Processing by Public::SessionsController#create as TURBO_STREAM
  Parameters: {"authenticity_token" => "[FILTERED]", "email" => "[FILTERED]", "password" => "[FILTERED]", "remember_me" => "0", "commit" => "Login"}
  [1m[36mUser Load (1.0ms)[0m  [1m[34mSELECT "users".* FROM "users" WHERE "users"."email" = 'superadmin@wastays.com' LIMIT 1 /*action='create',application='Wastays',controller='sessions'*/[0m
  ↳ app/controllers/public/sessions_controller.rb:6:in 'Public::SessionsController#create'
Redirected to http://127.0.0.1:3000/admin/dashboard
Completed 302 Found in 509ms (ActiveRecord: 12.3ms (1 query, 0 cached) | GC: 0.0ms)


Started GET "/admin/dashboard" for 127.0.0.1 at 2026-03-25 12:56:45 +0800
Processing by Admin::DashboardController#index as TURBO_STREAM
  [1m[36mUser Load (0.7ms)[0m  [1m[34mSELECT "users".* FROM "users" WHERE "users"."id" = 1 LIMIT 1 /*action='index',application='Wastays',controller='dashboard'*/[0m
  ↳ app/controllers/application_controller.rb:19:in 'ApplicationController#current_user'
  Rendering layout layouts/application.html.erb
  Rendering admin/dashboard/index.html.erb within layouts/application
  Rendered admin/dashboard/index.html.erb within layouts/application (Duration: 0.2ms | GC: 0.0ms)
  Rendered layout layouts/application.html.erb (Duration: 0.9ms | GC: 0.0ms)
Completed 200 OK in 46ms (Views: 1.3ms | ActiveRecord: 0.7ms (1 query, 0 cached) | GC: 0.0ms)


Started GET "/admin/dashboard" for 127.0.0.1 at 2026-03-25 12:56:48 +0800
Processing by Admin::DashboardController#index as HTML
  [1m[36mUser Load (0.5ms)[0m  [1m[34mSELECT "users".* FROM "users" WHERE "users"."id" = 1 LIMIT 1 /*action='index',application='Wastays',controller='dashboard'*/[0m
  ↳ app/controllers/application_controller.rb:19:in 'ApplicationController#current_user'
  Rendering layout layouts/application.html.erb
  Rendering admin/dashboard/index.html.erb within layouts/application
  Rendered admin/dashboard/index.html.erb within layouts/application (Duration: 0.2ms | GC: 0.0ms)
  Rendered layout layouts/application.html.erb (Duration: 6.4ms | GC: 0.0ms)
Completed 200 OK in 43ms (Views: 8.1ms | ActiveRecord: 0.5ms (1 query, 0 cached) | GC: 0.0ms)


Started GET "/admin/dashboard" for 127.0.0.1 at 2026-03-25 12:56:50 +0800
Processing by Admin::DashboardController#index as HTML
  [1m[36mUser Load (0.4ms)[0m  [1m[34mSELECT "users".* FROM "users" WHERE "users"."id" = 1 LIMIT 1 /*action='index',application='Wastays',controller='dashboard'*/[0m
  ↳ app/controllers/application_controller.rb:19:in 'ApplicationController#current_user'
  Rendering layout layouts/application.html.erb
  Rendering admin/dashboard/index.html.erb within layouts/application
  Rendered admin/dashboard/index.html.erb within layouts/application (Duration: 0.0ms | GC: 0.0ms)
  Rendered layout layouts/application.html.erb (Duration: 0.7ms | GC: 0.0ms)
Completed 200 OK in 36ms (Views: 0.9ms | ActiveRecord: 0.4ms (1 query, 0 cached) | GC: 0.0ms)


Started GET "/admin/dashboard" for 127.0.0.1 at 2026-03-25 12:56:51 +0800
Processing by Admin::DashboardController#index as HTML
  [1m[36mUser Load (0.4ms)[0m  [1m[34mSELECT "users".* FROM "users" WHERE "users"."id" = 1 LIMIT 1 /*action='index',application='Wastays',controller='dashboard'*/[0m
  ↳ app/controllers/application_controller.rb:19:in 'ApplicationController#current_user'
  Rendering layout layouts/application.html.erb
  Rendering admin/dashboard/index.html.erb within layouts/application
  Rendered admin/dashboard/index.html.erb within layouts/application (Duration: 0.0ms | GC: 0.0ms)
  Rendered layout layouts/application.html.erb (Duration: 0.6ms | GC: 0.0ms)
Completed 200 OK in 35ms (Views: 0.9ms | ActiveRecord: 0.4ms (1 query, 0 cached) | GC: 0.0ms)


Started GET "/admin/dashboard" for 127.0.0.1 at 2026-03-25 12:56:52 +0800
Processing by Admin::DashboardController#index as HTML
  [1m[36mUser Load (0.2ms)[0m  [1m[34mSELECT "users".* FROM "users" WHERE "users"."id" = 1 LIMIT 1 /*action='index',application='Wastays',controller='dashboard'*/[0m
  ↳ app/controllers/application_controller.rb:19:in 'ApplicationController#current_user'
  Rendering layout layouts/application.html.erb
  Rendering admin/dashboard/index.html.erb within layouts/application
  Rendered admin/dashboard/index.html.erb within layouts/application (Duration: 0.2ms | GC: 0.0ms)
  Rendered layout layouts/application.html.erb (Duration: 2.1ms | GC: 0.0ms)
Completed 200 OK in 52ms (Views: 3.0ms | ActiveRecord: 7.4ms (1 query, 0 cached) | GC: 0.0ms)


Started GET "/admin/dashboard" for 127.0.0.1 at 2026-03-25 12:56:54 +0800
Processing by Admin::DashboardController#index as HTML
  [1m[36mUser Load (0.7ms)[0m  [1m[34mSELECT "users".* FROM "users" WHERE "users"."id" = 1 LIMIT 1 /*action='index',application='Wastays',controller='dashboard'*/[0m
  ↳ app/controllers/application_controller.rb:19:in 'ApplicationController#current_user'
  Rendering layout layouts/application.html.erb
  Rendering admin/dashboard/index.html.erb within layouts/application
  Rendered admin/dashboard/index.html.erb within layouts/application (Duration: 0.0ms | GC: 0.0ms)
  Rendered layout layouts/application.html.erb (Duration: 0.7ms | GC: 0.0ms)
Completed 200 OK in 36ms (Views: 1.0ms | ActiveRecord: 0.7ms (1 query, 0 cached) | GC: 0.0ms)


Started GET "/hotel/dashboard" for 127.0.0.1 at 2026-03-25 12:56:59 +0800
Processing by Hotel::DashboardController#index as HTML
  [1m[36mUser Load (0.5ms)[0m  [1m[34mSELECT "users".* FROM "users" WHERE "users"."id" = 1 LIMIT 1 /*action='index',application='Wastays',controller='dashboard'*/[0m
  ↳ app/controllers/application_controller.rb:19:in 'ApplicationController#current_user'
  [1m[36mHotel Load (2.0ms)[0m  [1m[34mSELECT "hotels".* FROM "hotels" INNER JOIN "user_hotel_accesses" ON "hotels"."id" = "user_hotel_accesses"."hotel_id" WHERE "user_hotel_accesses"."user_id" = 1 ORDER BY "hotels"."id" ASC LIMIT 1 /*action='index',application='Wastays',controller='dashboard'*/[0m
  ↳ app/controllers/application_controller.rb:43:in 'ApplicationController#current_hotel'
  Rendering layout layouts/application.html.erb
  Rendering hotel/dashboard/index.html.erb within layouts/application
  Rendered hotel/dashboard/index.html.erb within layouts/application (Duration: 0.2ms | GC: 0.0ms)
  Rendered layout layouts/application.html.erb (Duration: 2.3ms | GC: 1.3ms)
Completed 200 OK in 86ms (Views: 2.8ms | ActiveRecord: 7.3ms (2 queries, 0 cached) | GC: 14.4ms)


Started GET "/hotel/dashboard" for 127.0.0.1 at 2026-03-25 12:57:08 +0800
Processing by Hotel::DashboardController#index as HTML
  [1m[36mUser Load (0.3ms)[0m  [1m[34mSELECT "users".* FROM "users" WHERE "users"."id" = 1 LIMIT 1 /*action='index',application='Wastays',controller='dashboard'*/[0m
  ↳ app/controllers/application_controller.rb:19:in 'ApplicationController#current_user'
  [1m[36mHotel Load (0.3ms)[0m  [1m[34mSELECT "hotels".* FROM "hotels" INNER JOIN "user_hotel_accesses" ON "hotels"."id" = "user_hotel_accesses"."hotel_id" WHERE "user_hotel_accesses"."user_id" = 1 ORDER BY "hotels"."id" ASC LIMIT 1 /*action='index',application='Wastays',controller='dashboard'*/[0m
  ↳ app/controllers/application_controller.rb:43:in 'ApplicationController#current_hotel'
  Rendering layout layouts/application.html.erb
  Rendering hotel/dashboard/index.html.erb within layouts/application
  Rendered hotel/dashboard/index.html.erb within layouts/application (Duration: 0.2ms | GC: 0.0ms)
  Rendered layout layouts/application.html.erb (Duration: 2.4ms | GC: 0.2ms)
Completed 200 OK in 57ms (Views: 3.3ms | ActiveRecord: 11.0ms (2 queries, 0 cached) | GC: 1.4ms)


Started GET "/admin/dashboard" for 127.0.0.1 at 2026-03-25 12:57:23 +0800
Processing by Admin::DashboardController#index as HTML
  [1m[36mUser Load (14.5ms)[0m  [1m[34mSELECT "users".* FROM "users" WHERE "users"."id" = 1 LIMIT 1 /*action='index',application='Wastays',controller='dashboard'*/[0m
  ↳ app/controllers/application_controller.rb:19:in 'ApplicationController#current_user'
  Rendering layout layouts/application.html.erb
  Rendering admin/dashboard/index.html.erb within layouts/application
  Rendered admin/dashboard/index.html.erb within layouts/application (Duration: 0.4ms | GC: 0.0ms)
  Rendered layout layouts/application.html.erb (Duration: 1.7ms | GC: 0.0ms)
Completed 200 OK in 58ms (Views: 2.4ms | ActiveRecord: 14.4ms (1 query, 0 cached) | GC: 0.8ms)


Started GET "/hotel/dashboard" for 127.0.0.1 at 2026-03-25 12:57:24 +0800
Processing by Hotel::DashboardController#index as HTML
  [1m[36mUser Load (0.4ms)[0m  [1m[34mSELECT "users".* FROM "users" WHERE "users"."id" = 1 LIMIT 1 /*action='index',application='Wastays',controller='dashboard'*/[0m
  ↳ app/controllers/application_controller.rb:19:in 'ApplicationController#current_user'
  [1m[36mHotel Load (0.4ms)[0m  [1m[34mSELECT "hotels".* FROM "hotels" INNER JOIN "user_hotel_accesses" ON "hotels"."id" = "user_hotel_accesses"."hotel_id" WHERE "user_hotel_accesses"."user_id" = 1 ORDER BY "hotels"."id" ASC LIMIT 1 /*action='index',application='Wastays',controller='dashboard'*/[0m
  ↳ app/controllers/application_controller.rb:43:in 'ApplicationController#current_hotel'
  Rendering layout layouts/application.html.erb
  Rendering hotel/dashboard/index.html.erb within layouts/application
  Rendered hotel/dashboard/index.html.erb within layouts/application (Duration: 0.1ms | GC: 0.0ms)
  Rendered layout layouts/application.html.erb (Duration: 0.7ms | GC: 0.0ms)
Completed 200 OK in 37ms (Views: 0.9ms | ActiveRecord: 0.7ms (2 queries, 0 cached) | GC: 0.4ms)


Started GET "/hotel/dashboard" for 127.0.0.1 at 2026-03-25 12:57:24 +0800
Processing by Hotel::DashboardController#index as HTML
  [1m[36mUser Load (0.4ms)[0m  [1m[34mSELECT "users".* FROM "users" WHERE "users"."id" = 1 LIMIT 1 /*action='index',application='Wastays',controller='dashboard'*/[0m
  ↳ app/controllers/application_controller.rb:19:in 'ApplicationController#current_user'
  [1m[36mHotel Load (0.6ms)[0m  [1m[34mSELECT "hotels".* FROM "hotels" INNER JOIN "user_hotel_accesses" ON "hotels"."id" = "user_hotel_accesses"."hotel_id" WHERE "user_hotel_accesses"."user_id" = 1 ORDER BY "hotels"."id" ASC LIMIT 1 /*action='index',application='Wastays',controller='dashboard'*/[0m
  ↳ app/controllers/application_controller.rb:43:in 'ApplicationController#current_hotel'
  Rendering layout layouts/application.html.erb
  Rendering hotel/dashboard/index.html.erb within layouts/application
  Rendered hotel/dashboard/index.html.erb within layouts/application (Duration: 0.0ms | GC: 0.0ms)
  Rendered layout layouts/application.html.erb (Duration: 0.6ms | GC: 0.0ms)
Completed 200 OK in 37ms (Views: 0.8ms | ActiveRecord: 1.0ms (2 queries, 0 cached) | GC: 0.0ms)


Started GET "/admin/dashboard" for 127.0.0.1 at 2026-03-25 12:57:26 +0800
Processing by Admin::DashboardController#index as HTML
  [1m[36mUser Load (0.4ms)[0m  [1m[34mSELECT "users".* FROM "users" WHERE "users"."id" = 1 LIMIT 1 /*action='index',application='Wastays',controller='dashboard'*/[0m
  ↳ app/controllers/application_controller.rb:19:in 'ApplicationController#current_user'
  Rendering layout layouts/application.html.erb
  Rendering admin/dashboard/index.html.erb within layouts/application
  Rendered admin/dashboard/index.html.erb within layouts/application (Duration: 0.0ms | GC: 0.0ms)
  Rendered layout layouts/application.html.erb (Duration: 0.6ms | GC: 0.0ms)
Completed 200 OK in 35ms (Views: 0.9ms | ActiveRecord: 0.4ms (1 query, 0 cached) | GC: 0.4ms)


Started GET "/admin/dashboard" for 127.0.0.1 at 2026-03-25 12:57:28 +0800
Processing by Admin::DashboardController#index as HTML
  [1m[36mUser Load (0.6ms)[0m  [1m[34mSELECT "users".* FROM "users" WHERE "users"."id" = 1 LIMIT 1 /*action='index',application='Wastays',controller='dashboard'*/[0m
  ↳ app/controllers/application_controller.rb:19:in 'ApplicationController#current_user'
  Rendering layout layouts/application.html.erb
  Rendering admin/dashboard/index.html.erb within layouts/application
  Rendered admin/dashboard/index.html.erb within layouts/application (Duration: 0.0ms | GC: 0.0ms)
  Rendered layout layouts/application.html.erb (Duration: 0.7ms | GC: 0.0ms)
Completed 200 OK in 34ms (Views: 0.9ms | ActiveRecord: 0.6ms (1 query, 0 cached) | GC: 0.0ms)


Started GET "/hotel/dashboard" for 127.0.0.1 at 2026-03-25 12:57:28 +0800
Processing by Hotel::DashboardController#index as HTML
  [1m[36mUser Load (0.4ms)[0m  [1m[34mSELECT "users".* FROM "users" WHERE "users"."id" = 1 LIMIT 1 /*action='index',application='Wastays',controller='dashboard'*/[0m
  ↳ app/controllers/application_controller.rb:19:in 'ApplicationController#current_user'
  [1m[36mHotel Load (0.4ms)[0m  [1m[34mSELECT "hotels".* FROM "hotels" INNER JOIN "user_hotel_accesses" ON "hotels"."id" = "user_hotel_accesses"."hotel_id" WHERE "user_hotel_accesses"."user_id" = 1 ORDER BY "hotels"."id" ASC LIMIT 1 /*action='index',application='Wastays',controller='dashboard'*/[0m
  ↳ app/controllers/application_controller.rb:43:in 'ApplicationController#current_hotel'
  Rendering layout layouts/application.html.erb
  Rendering hotel/dashboard/index.html.erb within layouts/application
  Rendered hotel/dashboard/index.html.erb within layouts/application (Duration: 0.0ms | GC: 0.0ms)
  Rendered layout layouts/application.html.erb (Duration: 0.6ms | GC: 0.0ms)
Completed 200 OK in 36ms (Views: 0.9ms | ActiveRecord: 0.8ms (2 queries, 0 cached) | GC: 0.3ms)


Started GET "/admin/dashboard" for 127.0.0.1 at 2026-03-25 12:57:29 +0800
Processing by Admin::DashboardController#index as HTML
  [1m[36mUser Load (0.2ms)[0m  [1m[34mSELECT "users".* FROM "users" WHERE "users"."id" = 1 LIMIT 1 /*action='index',application='Wastays',controller='dashboard'*/[0m
  ↳ app/controllers/application_controller.rb:19:in 'ApplicationController#current_user'
  Rendering layout layouts/application.html.erb
  Rendering admin/dashboard/index.html.erb within layouts/application
  Rendered admin/dashboard/index.html.erb within layouts/application (Duration: 0.2ms | GC: 0.0ms)
  Rendered layout layouts/application.html.erb (Duration: 5.1ms | GC: 0.0ms)
Completed 200 OK in 68ms (Views: 6.1ms | ActiveRecord: 16.1ms (1 query, 0 cached) | GC: 0.0ms)


Started GET "/admin/dashboard" for 127.0.0.1 at 2026-03-25 12:57:29 +0800
Processing by Admin::DashboardController#index as HTML
  [1m[36mUser Load (0.5ms)[0m  [1m[34mSELECT "users".* FROM "users" WHERE "users"."id" = 1 LIMIT 1 /*action='index',application='Wastays',controller='dashboard'*/[0m
  ↳ app/controllers/application_controller.rb:19:in 'ApplicationController#current_user'
  Rendering layout layouts/application.html.erb
  Rendering admin/dashboard/index.html.erb within layouts/application
  Rendered admin/dashboard/index.html.erb within layouts/application (Duration: 0.0ms | GC: 0.0ms)
  Rendered layout layouts/application.html.erb (Duration: 0.7ms | GC: 0.0ms)
Completed 200 OK in 35ms (Views: 0.9ms | ActiveRecord: 0.5ms (1 query, 0 cached) | GC: 0.0ms)


Started GET "/hotel/dashboard" for 127.0.0.1 at 2026-03-25 12:57:30 +0800
Processing by Hotel::DashboardController#index as HTML
  [1m[36mUser Load (0.5ms)[0m  [1m[34mSELECT "users".* FROM "users" WHERE "users"."id" = 1 LIMIT 1 /*action='index',application='Wastays',controller='dashboard'*/[0m
  ↳ app/controllers/application_controller.rb:19:in 'ApplicationController#current_user'
  [1m[36mHotel Load (0.3ms)[0m  [1m[34mSELECT "hotels".* FROM "hotels" INNER JOIN "user_hotel_accesses" ON "hotels"."id" = "user_hotel_accesses"."hotel_id" WHERE "user_hotel_accesses"."user_id" = 1 ORDER BY "hotels"."id" ASC LIMIT 1 /*action='index',application='Wastays',controller='dashboard'*/[0m
  ↳ app/controllers/application_controller.rb:43:in 'ApplicationController#current_hotel'
  Rendering layout layouts/application.html.erb
  Rendering hotel/dashboard/index.html.erb within layouts/application
  Rendered hotel/dashboard/index.html.erb within layouts/application (Duration: 0.3ms | GC: 0.0ms)
  Rendered layout layouts/application.html.erb (Duration: 1.1ms | GC: 0.0ms)
Completed 200 OK in 45ms (Views: 1.7ms | ActiveRecord: 4.9ms (2 queries, 0 cached) | GC: 0.0ms)


Started GET "/hotel/dashboard" for 127.0.0.1 at 2026-03-25 12:57:31 +0800
Processing by Hotel::DashboardController#index as HTML
  [1m[36mUser Load (0.7ms)[0m  [1m[34mSELECT "users".* FROM "users" WHERE "users"."id" = 1 LIMIT 1 /*action='index',application='Wastays',controller='dashboard'*/[0m
  ↳ app/controllers/application_controller.rb:19:in 'ApplicationController#current_user'
  [1m[36mHotel Load (0.6ms)[0m  [1m[34mSELECT "hotels".* FROM "hotels" INNER JOIN "user_hotel_accesses" ON "hotels"."id" = "user_hotel_accesses"."hotel_id" WHERE "user_hotel_accesses"."user_id" = 1 ORDER BY "hotels"."id" ASC LIMIT 1 /*action='index',application='Wastays',controller='dashboard'*/[0m
  ↳ app/controllers/application_controller.rb:43:in 'ApplicationController#current_hotel'
  Rendering layout layouts/application.html.erb
  Rendering hotel/dashboard/index.html.erb within layouts/application
  Rendered hotel/dashboard/index.html.erb within layouts/application (Duration: 0.0ms | GC: 0.0ms)
  Rendered layout layouts/application.html.erb (Duration: 0.7ms | GC: 0.0ms)
Completed 200 OK in 36ms (Views: 0.9ms | ActiveRecord: 1.3ms (2 queries, 0 cached) | GC: 0.0ms)


Started GET "/admin/dashboard" for 127.0.0.1 at 2026-03-25 12:57:32 +0800
Processing by Admin::DashboardController#index as HTML
  [1m[36mUser Load (0.4ms)[0m  [1m[34mSELECT "users".* FROM "users" WHERE "users"."id" = 1 LIMIT 1 /*action='index',application='Wastays',controller='dashboard'*/[0m
  ↳ app/controllers/application_controller.rb:19:in 'ApplicationController#current_user'
  Rendering layout layouts/application.html.erb
  Rendering admin/dashboard/index.html.erb within layouts/application
  Rendered admin/dashboard/index.html.erb within layouts/application (Duration: 0.0ms | GC: 0.0ms)
  Rendered layout layouts/application.html.erb (Duration: 0.7ms | GC: 0.0ms)
Completed 200 OK in 34ms (Views: 0.9ms | ActiveRecord: 0.4ms (1 query, 0 cached) | GC: 0.0ms)


Started GET "/admin/dashboard" for 127.0.0.1 at 2026-03-25 13:06:42 +0800
Processing by Admin::DashboardController#index as HTML
  [1m[36mUser Load (1.0ms)[0m  [1m[34mSELECT "users".* FROM "users" WHERE "users"."id" = 1 LIMIT 1 /*action='index',application='Wastays',controller='dashboard'*/[0m
  ↳ app/controllers/application_controller.rb:19:in 'ApplicationController#current_user'
  Rendering layout layouts/application.html.erb
  Rendering admin/dashboard/index.html.erb within layouts/application
  Rendered admin/dashboard/index.html.erb within layouts/application (Duration: 0.3ms | GC: 0.0ms)
  Rendered layout layouts/application.html.erb (Duration: 7.9ms | GC: 0.0ms)
Completed 200 OK in 115ms (Views: 9.2ms | ActiveRecord: 42.3ms (1 query, 0 cached) | GC: 0.0ms)


Started GET "/hotel/dashboard" for 127.0.0.1 at 2026-03-25 13:06:49 +0800
Processing by Hotel::DashboardController#index as HTML
  [1m[36mUser Load (0.9ms)[0m  [1m[34mSELECT "users".* FROM "users" WHERE "users"."id" = 1 LIMIT 1 /*action='index',application='Wastays',controller='dashboard'*/[0m
  ↳ app/controllers/application_controller.rb:19:in 'ApplicationController#current_user'
  [1m[36mHotel Load (3.3ms)[0m  [1m[34mSELECT "hotels".* FROM "hotels" INNER JOIN "user_hotel_accesses" ON "hotels"."id" = "user_hotel_accesses"."hotel_id" WHERE "user_hotel_accesses"."user_id" = 1 ORDER BY "hotels"."id" ASC LIMIT 1 /*action='index',application='Wastays',controller='dashboard'*/[0m
  ↳ app/controllers/application_controller.rb:43:in 'ApplicationController#current_hotel'
  [1m[36mCACHE Hotel Load (0.0ms)[0m  [1m[34mSELECT "hotels".* FROM "hotels" INNER JOIN "user_hotel_accesses" ON "hotels"."id" = "user_hotel_accesses"."hotel_id" WHERE "user_hotel_accesses"."user_id" = 1 ORDER BY "hotels"."id" ASC LIMIT 1[0m
  ↳ app/controllers/application_controller.rb:43:in 'ApplicationController#current_hotel'
Completed 500 Internal Server Error in 42ms (ActiveRecord: 4.3ms (3 queries, 1 cached) | GC: 0.0ms)


  
NoMethodError (undefined method 'status' for nil):
  
app/controllers/hotel/dashboard_controller.rb:9:in 'Hotel::DashboardController#index'
  [1m[35m (0.2ms)[0m  [1m[34mSELECT pg_try_advisory_lock(4457737419948999585) /*application='Wastays'*/[0m
  [1m[36mActiveRecord::SchemaMigration Load (1.6ms)[0m  [1m[34mSELECT "schema_migrations"."version" FROM "schema_migrations" ORDER BY "schema_migrations"."version" ASC /*application='Wastays'*/[0m
  [1m[36mActiveRecord::InternalMetadata Load (1.3ms)[0m  [1m[34mSELECT * FROM "ar_internal_metadata" WHERE "ar_internal_metadata"."key" = 'environment' ORDER BY "ar_internal_metadata"."key" ASC LIMIT 1 /*application='Wastays'*/[0m
Migrating to CreateCancellationPolicyTemplates (20260325050813)
  [1m[36mTRANSACTION (0.1ms)[0m  [1m[35mBEGIN /*application='Wastays'*/[0m
  [1m[35m (17.6ms)[0m  [1m[35mCREATE TABLE "cancellation_policy_templates" ("id" bigserial primary key, "name" character varying, "body" text, "created_at" timestamp(6) NOT NULL, "updated_at" timestamp(6) NOT NULL) /*application='Wastays'*/[0m
  [1m[36mActiveRecord::SchemaMigration Create (0.3ms)[0m  [1m[32mINSERT INTO "schema_migrations" ("version") VALUES ('20260325050813') RETURNING "version" /*application='Wastays'*/[0m
  [1m[36mTRANSACTION (0.8ms)[0m  [1m[35mCOMMIT /*application='Wastays'*/[0m
Migrating to CreatePropertyPolicies (20260325050852)
  [1m[36mTRANSACTION (1.1ms)[0m  [1m[35mBEGIN /*application='Wastays'*/[0m
  [1m[35m (9.2ms)[0m  [1m[35mCREATE TABLE "property_policies" ("id" bigserial primary key, "hotel_id" bigint NOT NULL, "check_in_time" character varying, "check_out_time" character varying, "cancellation_policy" text, "created_at" timestamp(6) NOT NULL, "updated_at" timestamp(6) NOT NULL, CONSTRAINT "fk_rails_f52924627e"
FOREIGN KEY ("hotel_id")
  REFERENCES "hotels" ("id")
) /*application='Wastays'*/[0m
  [1m[35m (1.7ms)[0m  [1m[35mCREATE INDEX "index_property_policies_on_hotel_id" ON "property_policies" ("hotel_id") /*application='Wastays'*/[0m
  [1m[36mActiveRecord::SchemaMigration Create (0.2ms)[0m  [1m[32mINSERT INTO "schema_migrations" ("version") VALUES ('20260325050852') RETURNING "version" /*application='Wastays'*/[0m
  [1m[36mTRANSACTION (0.3ms)[0m  [1m[35mCOMMIT /*application='Wastays'*/[0m
  [1m[35m (0.7ms)[0m  [1m[34mSELECT pg_advisory_unlock(4457737419948999585) /*application='Wastays'*/[0m
  [1m[36mActiveRecord::SchemaMigration Load (0.1ms)[0m  [1m[34mSELECT "schema_migrations"."version" FROM "schema_migrations" ORDER BY "schema_migrations"."version" ASC /*application='Wastays'*/[0m
Started GET "/admin/dashboard" for 127.0.0.1 at 2026-03-25 13:13:23 +0800
  [1m[36mActiveRecord::SchemaMigration Load (1.0ms)[0m  [1m[34mSELECT "schema_migrations"."version" FROM "schema_migrations" ORDER BY "schema_migrations"."version" ASC /*application='Wastays'*/[0m
Processing by Admin::DashboardController#index as HTML
  [1m[36mUser Load (2.0ms)[0m  [1m[34mSELECT "users".* FROM "users" WHERE "users"."id" = 1 LIMIT 1 /*action='index',application='Wastays',controller='dashboard'*/[0m
  ↳ app/controllers/application_controller.rb:19:in 'ApplicationController#current_user'
  Rendering layout layouts/application.html.erb
  Rendering admin/dashboard/index.html.erb within layouts/application
  Rendered admin/dashboard/index.html.erb within layouts/application (Duration: 0.3ms | GC: 0.0ms)
  Rendered layout layouts/application.html.erb (Duration: 5.1ms | GC: 0.8ms)
Completed 200 OK in 69ms (Views: 6.5ms | ActiveRecord: 9.2ms (1 query, 0 cached) | GC: 5.3ms)


Started DELETE "/logout" for 127.0.0.1 at 2026-03-25 13:13:25 +0800
Processing by Public::SessionsController#destroy as TURBO_STREAM
  Parameters: {"authenticity_token" => "[FILTERED]"}
Redirected to http://127.0.0.1:3000/
Completed 302 Found in 34ms (ActiveRecord: 0.0ms (0 queries, 0 cached) | GC: 0.2ms)


Started GET "/" for 127.0.0.1 at 2026-03-25 13:13:25 +0800
Processing by StaticPagesController#home as TURBO_STREAM
  Rendering layout layouts/application.html.erb
  Rendering static_pages/home.html.erb within layouts/application
  Rendered static_pages/home.html.erb within layouts/application (Duration: 0.3ms | GC: 0.0ms)
  Rendered layout layouts/application.html.erb (Duration: 1.3ms | GC: 0.1ms)
Completed 200 OK in 36ms (Views: 2.2ms | ActiveRecord: 0.0ms (0 queries, 0 cached) | GC: 0.6ms)


Started GET "/login" for 127.0.0.1 at 2026-03-25 13:13:25 +0800
Processing by Public::SessionsController#new as HTML
  Rendering layout layouts/application.html.erb
  Rendering public/sessions/new.html.erb within layouts/application
  Rendered public/sessions/new.html.erb within layouts/application (Duration: 5.1ms | GC: 2.9ms)
  Rendered layout layouts/application.html.erb (Duration: 6.0ms | GC: 3.3ms)
Completed 200 OK in 39ms (Views: 6.5ms | ActiveRecord: 0.0ms (0 queries, 0 cached) | GC: 3.6ms)


Started GET "/" for 127.0.0.1 at 2026-03-25 13:13:35 +0800
Processing by StaticPagesController#home as HTML
  Rendering layout layouts/application.html.erb
  Rendering static_pages/home.html.erb within layouts/application
  Rendered static_pages/home.html.erb within layouts/application (Duration: 0.4ms | GC: 0.0ms)
  Rendered layout layouts/application.html.erb (Duration: 7.0ms | GC: 1.1ms)
Completed 200 OK in 45ms (Views: 8.5ms | ActiveRecord: 0.0ms (0 queries, 0 cached) | GC: 1.1ms)


